cik_str,ticker,title,SIC_code
884394,SPY,SPDR S&P 500 ETF TRUST,
1067839,QQQ,"INVESCO QQQ TRUST, SERIES 1",
1161167,AIQUY,L AIR LIQUIDE SA /FI,
948401,CFRUY,COMPAGNIE FINANCIERE RICHEMONT AG /FI,
1443276,TOELY,Tokyo Electron LTD,
895564,BAESY,BAE SYSTEMS PLC /FI/,
1106215,KDDIY,KDDI CORP,
1442651,SHECY,"Shin-Etsu Chemical Co., Ltd.",
1535628,CAIXY,CaixaBank/ADR,
1359519,SVNDY,SEVEN & I HOLDINGS CO LTD,
861967,WTKWY,WOLTERS KLUWER N V /FI,
1700171,ANYYY,Aena S.A./ADR,
1041130,DIA,SPDR DOW JONES INDUSTRIAL AVERAGE ETF TRUST,
1446519,DKILY,Daikin Industries Ltd,
1445465,PPRUY,Kering,
1450468,MRAAY,"Murata Manufacturing Co., Ltd./ADR",
936958,MDY,SPDR S&P MIDCAP 400 ETF TRUST,
1131345,NVZMY,NOVOZYMES AS/FI,
1446596,FANUY,Fanuc Ltd,
1461748,PPERY,PT Bank Mandiri (Persero) Tbk / ADR,
1446705,NTDTY,NTT Data Corp,
1671750,DSCSY,Disco Corporation/ADR,
1436778,SAXPY,Sampo OYJ,
1446437,YAHOY,Yahoo! Japan Corp,
800365,FUJIY,FUJI PHOTO FILM CO LTD /FI,
1093028,EJPRY,EAST JAPAN RAILWAY CO /FI,
1069347,SGSOY,SGS SOCIETE GENERALE DE SURVEILLANCE HOLDING SA /FI,
1449566,WLMIY,Wilmar International Ltd,
1287750,ARCC,ARES CAPITAL CORP,
1690981,NNGRY,NN Group NV/ADR,
1475011,JBAXY,Julius Baer Group Ltd.,
1294591,RKUNY,"Rakuten Group, Inc.",
1450346,POAHY,Porsche Automobil Holding SE / ADR,
1468608,VDMCY,Vodacom Group Ltd / ADR,
1446444,TKHVY,Turk Hava Yollari A.O.,
1600520,JPXGY,"Japan Exchange Group, Inc./ADR",
1567526,IHICY,IHI Corporation/ADR,
1437774,BZZUY,BUZZI UNICEM S.p.A.,
1438654,RDEIY,Red Electrica Corporacion SA/ADR,
1504122,PTBRY,PT Bank Negara Indonesia (Persero) Tbk/ADR,
1436786,OUKPY,Outotec OYJ,
1380365,IDKOY,"IDEMITSU KOSAN CO., LTD",
871464,HNGKY,HONGKONG LAND HOLDINGS LTD /FI,
1446656,KIKOY,Kikkoman Corp,
1078642,CRRFY,CARREFOUR SA,
1440130,UUGRY,United Utilities Group plc,
1581285,BCUCY,Brunello Cucinelli S.p.A./ADR,
1541309,CSXXY,carsales.com Limited/ADR,
1655888,OBDC,Blue Owl Capital Corp,
1736035,BXSL,Blackstone Secured Lending Fund,
1706795,BRRLY,Barry Callebaut AG/ADR,
1510599,PDI,PIMCO Dynamic Income Fund,
1538118,YKLTY,"Yakult Honsha Co., LTD/ADR",
1558812,MEJHY,MEIJI Holdings Co Ltd/ADR,
1442655,NGKSY,"NGK Spark Plug Co., Ltd.",
1422183,FSK,FS KKR Capital Corp,
1437470,MYTHY,Mytilineos Holdings S.A.,
1448978,SMBMY,SembCorp Marine Ltd.,
1299939,CADE,Cadence Bank,
1454144,ERELY,Eregli Demir ve Celik Fabrikalari TAS/ADR,
1396440,MAIN,Main Street Capital CORP,
1569650,OZK,Bank OZK,
1437153,CUYTY,Colruyt SA,
1710864,MSSMY,Misumi Group Inc./ADR,
1447137,BKGFY,Berkeley Group Holdings plc,
1592438,ROYMY,Royal Mail plc/ADR,
1449664,NWSGY,CTF Services Ltd,
1442653,ROHCY,"ROHM Co., Ltd.",
930826,SLVYY,SOLVAY S A /ADR/,
1476765,GBDC,"GOLUB CAPITAL BDC, Inc.",
806628,DNP,DNP SELECT INCOME FUND INC,
1195737,NEA,Nuveen AMT-Free Quality Municipal Income Fund,
1280784,HTGC,"Hercules Capital, Inc.",
793742,HACBY,HACHIJUNI BANK LTD,
1263994,UTG,REAVES UTILITY INCOME FUND,
1454480,SHZNY,Shenzhen Expressway Co. / ADR,
1083839,NAD,Nuveen Quality Municipal Income Fund,
1090116,NVG,Nuveen AMT-Free Municipal Credit Income Fund,
1275214,CSQ,CALAMOS STRATEGIC TOTAL RETURN FUND,
1190935,PTY,PIMCO CORPORATE & INCOME OPPORTUNITY FUND,
1455633,PEGRY,Pennon Group Plc / ADR,
1705455,ZNKKY,"ZENKOKU HOSHO Co., Ltd./ADR",
1216583,JPC,Nuveen Preferred & Income Opportunities Fund,
1380936,GOF,GUGGENHEIM STRATEGIC OPPORTUNITIES FUND,
1379438,EXG,Eaton Vance Tax-Managed Global Diversified Equity Income Fund,
1559444,FAURY,FORVIA SE/ADR,
1275617,UTF,COHEN & STEERS INFRASTRUCTURE FUND INC,
1137887,NZF,Nuveen Municipal Credit Income Fund,
1340736,ETY,Eaton Vance Tax-Managed Diversified Equity Income Fund,
2230,ADX,"ADAMS DIVERSIFIED EQUITY FUND, INC.",
1496919,MRRTY,MARFRIG GLOBAL FOODS S.A.,
1293613,KYN,"Kayne Anderson Energy Infrastructure Fund, Inc.",
1260729,GDV,GABELLI DIVIDEND & INCOME TRUST,
1495222,OXLC,Oxford Lane Capital Corp.,
1508655,TSLX,"Sixth Street Specialty Lending, Inc.",
1287032,PSEC,PROSPECT CAPITAL CORP,
814083,CLM,"Cornerstone Strategic Investment Fund, Inc.",
799195,USA,LIBERTY ALL STAR EQUITY FUND,
1782524,MSDL,Morgan Stanley Direct Lending Fund,
812801,NUV,NUVEEN MUNICIPAL VALUE FUND INC,
1253327,EVT,Eaton Vance Tax-Advantaged Dividend Income Fund,
1798618,PDO,PIMCO Dynamic Income Opportunities Fund,
920822,OUTKY,OUTOKUMPU OY /FI,
1157842,RQI,COHEN & STEERS QUALITY INCOME REALTY FUND INC,
1484515,CARCY,China Resources Cement Holdings Limited/ADR/,
804116,RVT,"ROYCE SMALL-CAP TRUST, INC.",
794685,GAB,GABELLI EQUITY TRUST INC,
1074952,NAC,Nuveen California Quality Municipal Income Fund,
99614,TY,TRI-CONTINENTAL Corp,
1864843,ECAT,BlackRock ESG Capital Allocation Term Trust,
102426,STEW,"SRH Total Return Fund, Inc.",
1322436,ETV,Eaton Vance Tax-Managed Buy-Write Opportunities Fund,
1809541,BCAT,BlackRock Capital Allocation Term Trust,
1332283,BDJ,BlackRock Enhanced Equity Dividend Trust,
1785971,BMEZ,BlackRock Health Sciences Term Trust,
1222401,HYT,"BLACKROCK CORPORATE HIGH YIELD FUND, INC.",
1572694,GSBD,"Goldman Sachs BDC, Inc.",
1270523,ETG,Eaton Vance Tax-Advantaged Global Dividend Income Fund,
1836057,BTX,BlackRock Technology & Private Equity Term Trust,
1566388,DSL,DoubleLine Income Solutions Fund,
1568194,FSCO,FS Credit Opportunities Corp.,
1528437,BTT,BlackRock Municipal 2030 Target Term Trust,
1298699,BXMX,Nuveen S&P 500 BuyWrite Income Fund,
18748,CET,CENTRAL SECURITIES CORP,
1768666,BSTZ,BlackRock Science & Technology Term Trust,
1414932,OCSL,Oaktree Specialty Lending Corp,
1266585,NMZ,NUVEEN MUNICIPAL HIGH INCOME OPPORTUNITY FUND,
1278752,MFIC,MidCap Financial Investment Corp,
1747172,KBDC,"Kayne Anderson BDC, Inc.",
1608741,QQQX,Nuveen NASDAQ 100 Dynamic Overwrite Fund,
40417,GAM,GENERAL AMERICAN INVESTORS CO INC,0000
1496099,NMFC,New Mountain Finance Corp,
1616678,BST,BlackRock Science & Technology Trust,
1222922,EVV,Eaton Vance Ltd Duration Income Fund,
1308335,EOS,Eaton Vance Enhanced Equity Income Fund II,
1276533,JFR,NUVEEN FLOATING RATE INCOME FUND,
1567569,FPF,First Trust Intermediate Duration Preferred & Income Fund,
17313,CSWC,CAPITAL SOUTHWEST CORP,
1492165,PFBC,Preferred Bank,
1756908,PDX,PIMCO Dynamic Income Strategy Fund,
1655050,BCSF,"Bain Capital Specialty Finance, Inc.",
1793882,PTA,Cohen & Steers Tax-Advantaged Preferred Securities & Income Fund,
1224450,RNP,COHEN & STEERS REIT & PREFERRED & INCOME FUND INC,
1493683,BBN,BlackRock Taxable Municipal Bond Trust,
1786108,TRIN,Trinity Capital Inc.,
1051004,MUC,"BLACKROCK MUNIHOLDINGS CALIFORNIA QUALITY FUND, INC.",
1843181,NBXG,Neuberger Berman Next Generation Connectivity Fund Inc.,
1379785,BBDC,"Barings BDC, Inc.",
1379384,BTZ,BLACKROCK CREDIT ALLOCATION INCOME TRUST,
1504619,PFLT,PennantPark Floating Rate Capital Ltd.,
1418076,SLRC,SLR Investment Corp.,
906013,AWF,ALLIANCEBERNSTEIN GLOBAL HIGH INCOME FUND INC,
1322435,ETW,Eaton Vance Tax-Managed Global Buy-Write Opportunities Fund,
1195739,NRK,NUVEEN NEW YORK AMT-FREE QUALITY MUNICIPAL INCOME FUND,
1604174,ECC,Eagle Point Credit Co Inc.,
1379400,AOD,abrdn Total Dynamic Dividend Fund,
1517518,EMO,ClearBridge Energy Midstream Opportunity Fund Inc.,
1737924,NCDL,Nuveen Churchill Direct Lending Corp.,
805267,HQH,abrdn Healthcare Investors,0000
33934,CRF,CORNERSTONE TOTAL RETURN FUND INC,
1544206,CGBD,"Carlyle Secured Lending, Inc.",
1160990,PCN,PIMCO CORPORATE & INCOME STRATEGY FUND,
1604522,THQ,abrdn Healthcare Opportunities Fund,
890196,MQY,"BLACKROCK MUNIYIELD QUALITY FUND, INC.",
1260041,HTD,JOHN HANCOCK TAX-ADVANTAGED DIVIDEND INCOME FUND,
1219360,PHK,PIMCO HIGH INCOME FUND,
1222719,CHY,CALAMOS CONVERTIBLE & HIGH INCOME FUND,
1278895,CII,"BlackRock Enhanced Large Cap Core Fund, Inc.",
1535778,MSIF,"MSC INCOME FUND, INC.",
1300391,EOI,Eaton Vance Enhanced Equity Income Fund,
1788399,DLY,DoubleLine Yield Opportunities Fund,
1171471,CHI,CALAMOS CONVERTIBLE OPPORTUNITIES & INCOME FUND,
1174164,FFC,Flaherty & Crumrine PREFERRED & INCOME SECURITIES FUND INC,
1567924,MIESY,"Mitsui E&S Holdings Co., Ltd./ADR",
1819559,WDI,Western Asset Diversified Income Fund (WDI),
1503290,ACP,abrdn Income Credit Strategies Fund,
1227476,JQC,Nuveen Credit Strategies Income Fund,
1268884,IGR,CBRE GLOBAL REAL ESTATE INCOME FUND,
1778114,AIO,Virtus Artificial Intelligence & Technology Opportunities Fund,
1506289,BCX,BlackRock Resources & Commodities Strategy Trust,
1655099,RA,Brookfield Real Assets Income Fund Inc.,
883412,MYI,"BLACKROCK MUNIYIELD QUALITY FUND III, INC.",
1513363,FDUS,FIDUS INVESTMENT Corp,
1886878,PAXS,PIMCO Access Income Fund,
883618,NXP,NUVEEN SELECT TAX FREE INCOME PORTFOLIO,
1855066,MEGI,NYLI CBRE Global Infrastructure Megatrends Term Fund,
1296250,PFN,PIMCO Income Strategy Fund II,
1370755,TCPC,BlackRock TCP Capital Corp.,
1313510,GGN,"GAMCO Global Gold, Natural Resources & Income Trust",
790500,FAX,"ABRDN ASIA-PACIFIC INCOME FUND, INC.",0000
925683,BTO,JOHN HANCOCK FINANCIAL OPPORTUNITIES FUND,
1633336,CCAP,"Crescent Capital BDC, Inc.",
1320375,BOE,BlackRock Enhanced Global Dividend Trust,
884152,VMO,Invesco Municipal Opportunity Trust,
855886,PDT,JOHN HANCOCK PREMIUM DIVIDEND FUND,
1059386,VVR,Invesco Senior Income Trust,
1383441,NIE,Virtus Equity & Convertible Income Fund,
1143513,GLAD,GLADSTONE CAPITAL CORP,
1195738,NKX,NUVEEN CALIFORNIA AMT-FREE QUALITY MUNICIPAL INCOME FUND,
1034665,MHD,"BLACKROCK MUNIHOLDINGS FUND, INC.",
1793129,NDMO,Nuveen Dynamic Municipal Opportunities Fund,
1053988,MUJ,"BLACKROCK MUNIHOLDINGS NEW JERSEY QUALITY FUND, INC.",
1774342,NMCO,Nuveen Municipal Credit Opportunities Fund,
917100,IFN,"INDIA FUND, INC.",
1548717,LDP,"Cohen & Steers Ltd Duration Preferred & Income Fund, Inc.",
1602584,CCD,Calamos Dynamic Convertible & Income Fund,
216851,PEO,"ADAMS NATURAL RESOURCES FUND, INC.",
1562818,BIT,BlackRock Multi-Sector Income Trust,
1534254,CION,CION Investment Corp,
1395325,ETJ,Eaton Vance Risk-Managed Diversified Equity Income Fund,
1160864,BHK,BLACKROCK CORE BOND TRUST,
885601,IIM,Invesco Value Municipal Income Trust,
1227862,EMD,WESTERN ASSET EMERGING MARKETS DEBT FUND INC.,
1176984,EIM,Eaton Vance Municipal Bond Fund,
1820378,TBLD,Thornburg Income Builder Opportunities Trust,
886043,MMU,WESTERN ASSET MANAGED MUNICIPALS FUND INC.,0000
1170299,PML,PIMCO MUNICIPAL INCOME FUND II,
1051003,DSU,"BLACKROCK DEBT STRATEGIES FUND, INC.",
880892,VGM,Invesco Trust for Investment Grade Municipals,
1546429,BGB,Blackstone Strategic Credit 2027 Term Fund,
1230869,ASA,ASA Gold & Precious Metals Ltd,
1393299,BGY,BlackRock Enhanced International Dividend Trust,
877463,VKQ,Invesco Municipal Trust,
1267902,WIW,WESTERN ASSET INFLATION-LINKED OPPORTUNITIES & INCOME FUND,
1793855,ASGI,abrdn Global Infrastructure Income Fund,
1554697,GHY,"PGIM Global High Yield Fund, Inc.",
1810523,FTHY,FIRST TRUST HIGH YIELD OPPORTUNITIES 2027 TERM FUND,
1608742,DIAX,Nuveen Dow 30sm Dynamic Overwrite Fund,
885125,IQI,Invesco Quality Municipal Income Trust,
1528988,BUI,"BlackRock Utilities, Infrastructure & Power Opportunities Trust",
1233681,BLW,BLACKROCK Ltd DURATION INCOME TRUST,
895531,VCV,Invesco California Value Municipal Income Trust,
1562051,NML,Neuberger Berman Energy Infrastructure & Income Fund Inc.,
1515940,KIO,KKR Income Opportunities Fund,
1219120,AVK,ADVENT CONVERTIBLE & INCOME FUND,
1314966,BME,BlackRock Health Sciences Trust,
1864208,GUG,Guggenheim Active Allocation Fund,
1321741,GAIN,GLADSTONE INVESTMENT CORPORATIONDE,
1176194,BLE,BLACKROCK MUNICIPAL INCOME TRUST II,
1087786,NXJ,NUVEEN NEW JERSEY QUALITY MUNICIPAL INCOME FUND,
1471420,STK,"Columbia Seligman Premium Technology Growth Fund, Inc.",
879361,MYD,"BLACKROCK MUNIYIELD FUND, INC.",
1215913,HPS,JOHN HANCOCK PREFERRED INCOME FUND III,
1794776,PSBD,Palmer Square Capital BDC Inc.,
1268533,TYG,TORTOISE ENERGY INFRASTRUCTURE CORP,
1478888,NBB,Nuveen Taxable Municipal Income Fund,
1534880,ISD,"PGIM High Yield Bond Fund, Inc.",
1080720,GUT,GABELLI UTILITY TRUST,
1383414,PNNT,PENNANTPARK INVESTMENT CORP,
1635977,THW,abrdn World Healthcare Fund,
1865389,NPFD,Nuveen Variable Rate Preferred & Income Fund,
1259708,FRA,"BLACKROCK FLOATING RATE INCOME STRATEGIES FUND, INC.",
1515671,DPG,Duff & Phelps Utility & Infrastructure Fund Inc.,
1176199,HPI,JOHN HANCOCK PREFERRED INCOME FUND,
1285890,IGD,Voya GLOBAL EQUITY DIVIDEND & PREMIUM OPPORTUNITY FUND,
1137393,BFK,BLACKROCK MUNICIPAL INCOME TRUST,
912147,RMT,"ROYCE MICRO-CAP TRUST, INC.",
1843974,DXYZ,Destiny Tech100 Inc.,
1930147,SPMC,"Sound Point Meridian Capital, Inc.",
1396277,CHW,Calamos Global Dynamic Income Fund,
1703079,XFLT,XAI Octagon Floating Rate & Alternative Income Trust,
870780,NQP,NUVEEN PENNSYLVANIA QUALITY MUNICIPAL INCOME FUND,
1559991,DFP,Flaherty & Crumrine Dynamic Preferred & Income Fund Inc,
1495825,GBAB,Guggenheim Taxable Municipal Bond & Investment Grade Debt Trust,
835948,MVF,"BLACKROCK MUNIVEST FUND, INC.",
1281926,ETO,Eaton Vance Tax-Advantaged Global Dividend Opportunities Fund,
901243,MUA,"BLACKROCK MUNIASSETS FUND, INC.",
1074540,EVN,Eaton Vance Municipal Income Trust,0000
275694,MCI,BARINGS CORPORATE INVESTORS,
1653384,RWAY,Runway Growth Finance Corp.,
1812923,SDHY,PGIM Short Duration High Yield Opportunities Fund,
1308927,ETB,Eaton Vance Tax-Managed Buy-Write Income Fund,
1861115,NMAI,Nuveen Multi-Asset Income Fund,
1210123,EAD,ALLSPRING INCOME OPPORTUNITIES FUND,
1291334,FFA,FIRST TRUST ENHANCED EQUITY INCOME FUND,
1551901,SCM,Stellus Capital Investment Corp,
910068,HIO,WESTERN ASSET HIGH INCOME OPPORTUNITY FUND INC.,
908993,VKI,Invesco Advantage Municipal Income Trust II,
1058239,HIX,WESTERN ASSET HIGH INCOME FUND II INC.,
882150,MYN,"BLACKROCK MUNIYIELD NEW YORK QUALITY FUND, INC.",
818972,LEO,"BNY MELLON STRATEGIC MUNICIPALS, INC.",
1487428,HRZN,Horizon Technology Finance Corp,
884121,HQL,abrdn Life Sciences Investors,0000
839533,KTF,DWS MUNICIPAL INCOME TRUST,
1244183,PFL,PIMCO INCOME STRATEGY FUND,
1258623,EFR,Eaton Vance Senior Floating-Rate Trust,
1189740,HPF,JOHN HANCOCK PREFERRED INCOME FUND II,
1539337,JRI,Nuveen Real Asset Income & Growth Fund,
922357,IOCJY,IOCHPE-MAXION SA /FI,
1074769,NAN,NUVEEN NEW YORK QUALITY MUNICIPAL INCOME FUND,
1377936,SAR,SARATOGA INVESTMENT CORP.,
1306550,BGR,BlackRock Energy & Resources Trust,
91847,SOR,SOURCE CAPITAL /DE/,
827773,PPT,PUTNAM PREMIER INCOME TRUST,
1288992,EFT,Eaton Vance Floating-Rate Income Trust,
1515324,ARDC,"Ares Dynamic Credit Allocation Fund, Inc.",
1745059,FINS,Angel Oak Financial Strategies Income Term Trust,
1137391,BFZ,BLACKROCK CALIFORNIA MUNICIPAL INCOME TRUST,
890393,MIY,"BLACKROCK MUNIYIELD MICHIGAN QUALITY FUND, INC.",
1375340,FOF,"Cohen & Steers Closed-End Opportunity Fund, Inc.",
1390195,AWP,abrdn Global Premier Properties Fund,
826020,BRW,Saba Capital Income & Opportunities Fund,
1817159,RFMZ,"RiverNorth Flexible Municipal Income Fund II, Inc.",
1754836,EIC,Eagle Point Income Co Inc.,
891290,RFI,COHEN & STEERS TOTAL RETURN REALTY FUND INC,
1287480,BGT,BLACKROCK FLOATING RATE INCOME TRUST,
1162027,AFB,ALLIANCEBERNSTEIN NATIONAL MUNICIPAL INCOME FUND,
1388141,EDD,"Morgan Stanley Emerging Markets Domestic Debt Fund, Inc.",
1178839,NBH,NEUBERGER BERMAN MUNICIPAL FUND INC.,
1038186,MHN,"BLACKROCK MUNIHOLDINGS NEW YORK QUALITY FUND, INC.",
1835068,NPCT,Nuveen Core Plus Impact Fund,
1521404,BGH,BARINGS GLOBAL SHORT DURATION HIGH YIELD FUND,
1717457,CPZ,Calamos Long/Short Equity & Dynamic Income Trust,
826735,MIN,MFS INTERMEDIATE INCOME TRUST,
1338561,SPXX,Nuveen S&P 500 Dynamic Overwrite Fund,
900422,PMO,PUTNAM MUNICIPAL OPPORTUNITIES TRUST,
786035,ASG,LIBERTY ALL STAR GROWTH FUND INC.,
1615905,JGH,Nuveen Global High Income Fund,
1214935,NCV,Virtus Convertible & Income Fund,
916183,RCS,"PIMCO STRATEGIC INCOME FUND, INC.",
1710680,HFRO,HIGHLAND OPPORTUNITIES & INCOME FUND,
1525201,DBL,DoubleLine Opportunistic Credit Fund,
818851,NCA,NUVEEN CALIFORNIA MUNICIPAL VALUE FUND,
855887,DSM,"BNY MELLON STRATEGIC MUNICIPAL BOND FUND, INC.",
835333,OIA,Invesco Municipal Income Opportunities Trust,
1771226,RMM,"RiverNorth Managed Duration Municipal Income Fund, Inc.",
1580345,TPVG,TriplePoint Venture Growth BDC Corp.,
1518557,MMD,NYLI MacKay DefinedTerm Muni Opportunities Fund,
1181187,BYM,BLACKROCK MUNICIPAL INCOME QUALITY TRUST,
836412,ZTR,Virtus Total Return Fund Inc.,
1270131,SCD,LMP CAPITAL & INCOME FUND INC.,
1547994,JPI,Nuveen Preferred Securities & Income Opportunities Fund,
844790,PMM,PUTNAM MANAGED MUNICIPAL INCOME TRUST,
1843162,LIEN,"Chicago Atlantic BDC, Inc.",
1497186,HYI,Western Asset High Yield Defined Opportunity Fund Inc.,
1282850,FCT,FIRST TRUST SENIOR FLOATING RATE INCOME FUND II,
1233087,FTF,FRANKLIN LTD DURATION INCOME TRUST,
851170,MCR,MFS CHARTER INCOME TRUST,
919893,TDF,TEMPLETON DRAGON FUND INC,
909112,TEI,TEMPLETON EMERGING MARKETS INCOME FUND,
1454741,EOT,Eaton Vance National Municipal Opportunities Trust,
1866874,RLTY,Cohen & Steers Real Estate Opportunities & Income Fund,
1227073,ERC,ALLSPRING MULTI-SECTOR INCOME FUND,
809173,MMT,MFS MULTIMARKET INCOME TRUST,
1362481,AGD,abrdn Global Dynamic Dividend Fund,
1501072,RIV,"RIVERNORTH OPPORTUNITIES FUND, INC.",
832327,BKT,"BLACKROCK INCOME TRUST, INC.",0000
1450445,NUW,Nuveen AMT-Free Municipal Value Fund,
828803,SABA,Saba Capital Income & Opportunities Fund II,0000
1137390,BNY,BLACKROCK NEW YORK MUNICIPAL INCOME TRUST,
1385763,JCE,Nuveen Core Equity Alpha Fund,
2055012,CCAC,CCIS Acquisition Corp,
1181506,PMX,PIMCO MUNICIPAL INCOME FUND III,
859796,JOF,JAPAN SMALLER CAPITALIZATION FUND INC,
1498612,PSF,"Cohen & Steers Select Preferred & Income Fund, Inc.",
1158289,JRS,NUVEEN REAL ESTATE INCOME FUND,
1552198,WHF,"WhiteHorse Finance, Inc.",
1140392,PMF,PIMCO MUNICIPAL INCOME FUND,
809559,TSI,TCW STRATEGIC INCOME FUND INC,
1177161,EVM,Eaton Vance California Municipal Bond Fund,
1368493,CAF,"Morgan Stanley China A Share Fund, Inc.",
1487610,NHS,Neuberger Berman High Yield Strategies Fund Inc.,
916618,IIF,"MORGAN STANLEY INDIA INVESTMENT FUND, INC.",
1166258,PHT,"PIONEER HIGH INCOME FUND, INC.",
804123,TWN,TAIWAN FUND INC,
1227857,NCZ,Virtus Convertible & Income Fund II,
801961,MFM,MFS MUNICIPAL INCOME TRUST,
897421,NPV,NUVEEN VIRGINIA QUALITY MUNICIPAL INCOME FUND,
887394,MQT,"BLACKROCK MUNIYIELD QUALITY FUND II, INC.",
897269,MVT,"BLACKROCK MUNIVEST FUND II, INC.",
1071899,MUE,"BLACKROCK MUNIHOLDINGS QUALITY FUND II, INC.",
825202,FUND,SPROTT FOCUS TRUST INC.,
1061353,DHY,CREDIT SUISSE HIGH YIELD BOND FUND,
1386067,EOD,ALLSPRING GLOBAL DIVIDEND OPPORTUNITY FUND,
1350869,GLO,Clough Global Opportunities Fund,
65433,MXF,MEXICO FUND INC,
1223026,MHI,"PIONEER MUNICIPAL HIGH INCOME FUND, INC.",
846676,AEF,"abrdn Emerging Markets ex-China Fund, Inc.",
1636289,ACV,Virtus Diversified Income & Convertible Fund,
1678130,OPP,"RiverNorth/DoubleLine Strategic Opportunity Fund, Inc.",
1278211,LGI,LAZARD GLOBAL TOTAL RETURN & INCOME FUND INC,
1228509,EHI,WESTERN ASSET GLOBAL HIGH INCOME FUND INC.,
1258943,MAV,"PIONEER MUNICIPAL HIGH INCOME ADVANTAGE FUND, INC.",
1864290,MIO,"Pioneer Municipal High Income Opportunities Fund, Inc.",
1563696,ETX,Eaton Vance Municipal Income 2028 Term Trust,
809708,EMF,TEMPLETON EMERGING MARKETS FUND,
1565381,DMB,"BNY Mellon Municipal Bond Infrastructure Fund, Inc.",
894242,BKN,"BLACKROCK INVESTMENT QUALITY MUNICIPAL TRUST, INC.",
1254370,WIA,WESTERN ASSET INFLATION-LINKED INCOME FUND,
833040,FT,FRANKLIN UNIVERSAL TRUST,
1622148,HGLB,HIGHLAND GLOBAL ALLOCATION FUND,
1170300,PCK,PIMCO CALIFORNIA MUNICIPAL INCOME FUND II,
895528,VPV,Invesco Pennsylvania Value Municipal Income Trust,
1486298,BSL,Blackstone Senior Floating Rate 2027 Term Fund,
1057861,DHF,BNY MELLON HIGH YIELD STRATEGIES FUND,
1259429,OXSQ,Oxford Square Capital Corp.,
1245648,FLC,FLAHERTY & CRUMRINE TOTAL RETURN FUND INC,
1400897,SRV,NXG Cushing Midstream Energy Fund,
5094,VBF,Invesco Bond Fund,
1177162,ENX,Eaton Vance New York Municipal Bond Fund,
858706,GF,NEW GERMANY FUND INC,0000
1512931,MRCC,MONROE CAPITAL Corp,
1140411,PCQ,PIMCO CALIFORNIA MUNICIPAL INCOME FUND,
1506488,NXG,NXG NextGen Infrastructure Income Fund,
1716951,OCCI,"OFS Credit Company, Inc.",
904112,MSD,MORGAN STANLEY EMERGING MARKETS DEBT FUND INC,
831655,MPV,BARINGS PARTICIPATION INVESTORS,
1261166,NRO,NEUBERGER BERMAN REAL ESTATE SECURITIES INCOME FUND INC,
897802,SPE,"SPECIAL OPPORTUNITIES FUND, INC.",0000
921671,GGT,GABELLI MULTIMEDIA TRUST INC.,
830487,MHF,WESTERN ASSET MUNICIPAL HIGH INCOME FUND INC.,
1417802,IDE,"Voya Infrastructure, Industrials & Materials Fund",
830622,PIM,PUTNAM MASTER INTERMEDIATE INCOME TRUST,
1059213,BXSY,BEXIL INVESTMENT TRUST,
1704299,TEAF,TORTOISE SUSTAINABLE & SOCIAL IMPACT TERM FUND,
1504234,BGX,Blackstone Long-Short Credit Income Fund,
810766,CIK,"CREDIT SUISSE ASSET MANAGEMENT INCOME FUND, INC.",
818850,NNY,NUVEEN NEW YORK MUNICIPAL VALUE FUND,
1832871,BMN,BlackRock 2037 Municipal Target Term Trust,
1391437,GRX,Gabelli Healthcare & WellnessRx Trust,
883265,VTN,Invesco Trust for Investment Grade New York Municipals,
1578987,BANX,ArrowMark Financial Corp.,
1332943,IGA,Voya Global Advantage & Premium Opportunity Fund,
839122,DMF,"BNY MELLON MUNICIPAL INCOME, INC.",
1181504,PZC,PIMCO CALIFORNIA MUNICIPAL INCOME FUND III,
1501103,EDF,Virtus Stone Harbor Emerging Markets Income Fund,
891038,MPA,BLACKROCK MUNIYIELD PENNSYLVANIA QUALITY FUND,0000
1287498,EVG,Eaton Vance Short Duration Diversified Income Fund,
868578,PFD,FLAHERTY & CRUMRINE PREFERRED & INCOME FUND INC,
1509470,SSSS,SURO CAPITAL CORP.,
1372807,PTMN,Portman Ridge Finance Corp,
1504545,BWG,BrandywineGLOBAL-Global Income Opportunities Fund Inc,
892992,NAZ,NUVEEN ARIZONA QUALITY MUNICIPAL INCOME FUND,
845379,CHN,"China Fund, Inc.",
1998043,PDCC,Pearl Diver Credit Co Inc.,
1478102,DMO,Western Asset Mortgage Opportunity Fund Inc.,
1343793,BTA,BlackRock Long-Term Municipal Advantage Trust,
1517767,CCIF,Carlyle Credit Income Fund,
759866,JHS,JOHN HANCOCK INCOME SECURITIES TRUST,
1163792,WEA,WESTERN ASSET PREMIER BOND FUND,
1289868,MCN,XAI Madison Equity Premium Income Fund,
1870833,RMMZ,"RiverNorth Managed Duration Municipal Income Fund II, Inc.",
1487918,OFS,OFS Capital Corp,
793040,ECF,ELLSWORTH GROWTH & INCOME FUND LTD,0000
895574,VFL,abrdn National Municipal Income Fund,
810943,PCF,HIGH INCOME SECURITIES FUND,0000
1496749,HEQ,John Hancock Hedged Equity & Income Fund,
75398,PAI,Western Asset Investment Grade Income Fund Inc.,
1316463,GLQ,Clough Global Equity Fund,
882071,PFO,Flaherty & Crumrine PREFERRED & INCOME OPPORTUNITY FUND INC,
813623,SWZ,"SWISS HELVETIA FUND, INC.",
1675033,GECC,Great Elm Capital Corp.,
759828,JHI,JOHN HANCOCK INVESTORS TRUST,
845606,CXE,MFS HIGH INCOME MUNICIPAL TRUST,
1305767,PHD,"Pioneer Floating Rate Fund, Inc.",
890119,NIM,NUVEEN SELECT MATURITIES MUNICIPAL FUND,
779336,IAF,"ABRDN AUSTRALIA EQUITY FUND, INC.",0000
897419,NMT,NUVEEN MASSACHUSETTS QUALITY MUNICIPAL INCOME FUND,
882300,SBI,WESTERN ASSET INTERMEDIATE MUNI FUND INC.,
1490349,PFX,PhenixFIN Corp,
1070732,EVF,Eaton Vance Senior Income Trust,
9521,BCV,BANCROFT FUND LTD,
1480170,BEOB,BEO BANCORP,
1285650,CGO,CALAMOS GLOBAL TOTAL RETURN FUND,
1472215,JLS,Nuveen Mortgage & Income Fund/MA/,
811922,MGF,MFS GOVERNMENT MARKETS INCOME TRUST,
1462586,IGI,Western Asset Investment Grade Opportunity Trust Inc.,
1279014,ERH,ALLSPRING UTILITIES & HIGH INCOME FUND,
1585855,GGZ,Gabelli Global Small & Mid Cap Value Trust,
830271,NMI,NUVEEN MUNICIPAL INCOME FUND INC,
1388126,HNW,"Pioneer Diversified High Income Fund, Inc.",
1496292,IHD,Voya Emerging Markets High Dividend Equity Fund,
860489,CEE,"CENTRAL & EASTERN EUROPE FUND, INC.",
1746967,RMI,"RiverNorth Opportunistic Municipal Income Fund, Inc.",
1438893,GNT,"GAMCO Natural Resources, Gold & Income Trust",
1282957,GLU,GABELLI GLOBAL UTILITY & INCOME TRUST,
1378701,GDL,GDL FUND,
866095,JEQ,"ABRDN JAPAN EQUITY FUND, INC.",0000
1318025,PGP,PIMCO Global StocksPLUS & Income Fund,
1790177,RFM,"RiverNorth Flexible Municipal Income Fund, Inc.",
809844,CMU,MFS HIGH YIELD MUNICIPAL TRUST,
748691,KF,KOREA FUND INC,
1699906,BKRRF,BLACKROCK SILVER CORP.,
1528811,VGI,Virtus Global Multi-Sector Income Fund,
1472341,GDO,WESTERN ASSET GLOBAL CORPORATE OPPORTUNITY FUND INC.,
1199004,FMN,Federated Hermes Premier Municipal Income Fund,
885732,NXC,NUVEEN CALIFORNIA SELECT TAX FREE INCOME PORTFOLIO,
876717,FCO,"ABRDN GLOBAL INCOME FUND, INC.",
1170311,PNI,PIMCO NEW YORK MUNICIPAL INCOME FUND II,
879535,DTF,DTF TAX-FREE INCOME 2028 TERM FUND INC,0000
908187,PCM,"PCM FUND, INC.",
1523289,DMA,Destra Multi-Alternative Fund,
1476573,AIRRF,Aurion Resources Ltd.,
845611,GCV,GABELLI CONVERTIBLE & INCOME SECURITIES FUND INC,
1285170,ITMSF,INTERMAP TECHNOLOGIES CORP,
1607997,NMS,Nuveen Minnesota Quality Municipal Income Fund,
1074692,CEV,Eaton Vance California Municipal Income Trust,
865400,GSVRF,GUANAJUATO SILVER CO LTD,
2050501,BLUW,Blue Water Acquisition Corp. III,
1557523,PGZ,Principal Real Estate Income Fund,
846671,VLT,Invesco High Income Trust II,
1421642,MSCLF,Satellos Bioscience Inc.,
1514490,RGT,"ROYCE GLOBAL TRUST, INC.",
1385632,IAE,Voya Asia Pacific High Dividend Equity Income Fund,
1288795,GLV,Clough Global Dividend & Income Fund,
1509397,LOMLF,Lion One Metals Ltd.,
847411,CXH,MFS INVESTMENT GRADE MUNICIPAL TRUST,
791718,EEA,"EUROPEAN EQUITY FUND, INC / MD",
81955,RAND,RAND CAPITAL CORP,
1571329,LRFC,Logan Ridge Finance Corp.,
1392994,FGB,FIRST TRUST SPECIALTY FINANCE & FINANCIAL OPPORTUNITIES FUND,
1140410,PNF,PIMCO NEW YORK MUNICIPAL INCOME FUND,
1397616,SSVFF,SOUTHERN SILVER EXPLORATION CORP,
838131,JMM,Nuveen Multi-Market Income Fund,
1390352,ORRCF,OROCO RESOURCE CORP,
1519469,ANLDF,ANFIELD ENERGY INC.,
1644771,RSF,"RiverNorth Capital & Income Fund, Inc.",
1495651,UURAF,Ucore Rare Metals Inc.,
1319183,FMY,FIRST TRUST MORTGAGE INCOME FUND,
1682056,SVRSF,Silver Storm Mining Ltd.,
1541190,SYHBF,SKYHARBOUR RESOURCES LTD,
885731,NXN,NUVEEN NEW YORK SELECT TAX -FREE INCOME PORTFOLIO,
1578348,ICMB,"Investcorp Credit Management BDC, Inc.",
1337090,SPAUF,SPANISH MOUNTAIN GOLD LTD.,
1491434,SEOVF,SERNOVA CORP.,
880406,CUBA,HERZFELD CARIBBEAN BASIN FUND INC,
27367,DXR,DAXOR CORP,
863900,MXE,MEXICO EQUITY & INCOME FUND INC,
850027,GRF,"EAGLE CAPITAL GROWTH FUND, INC.",
1113152,BEWFF,BEWHERE HOLDINGS INC,
1555980,FPRGF,Falco Resources Ltd.,
1869137,MHUBF,MineHub Technologies Inc.,
1684888,GFGSF,GFG Resources Inc.,
1336050,EGF,"BlackRock Enhanced Government Fund, Inc.",
1181505,PYN,PIMCO NEW YORK MUNICIPAL INCOME FUND III,
833021,CIF,MFS INTERMEDIATE HIGH INCOME FUND,
1677912,ITXXF,Itaconix Plc,
1839140,RVRC,Revium Rx.,
1482436,AGXPF,SILVER X MINING CORP.,
1831523,SFCO,Southern Financial Corp,
1490596,GVXXF,GoviEx Uranium Inc.,
899782,NOM,NUVEEN MISSOURI QUALITY MUNICIPAL INCOME FUND,
1686000,JGLDF,Japan Gold Corp.,
919567,RCG,"RENN Fund, Inc.",
1877778,TTIPF,"Thiogenesis Therapeutics, Corp.",
1783432,TETOF,Tectonic Metals Inc.,
1169034,BHV,BLACKROCK VIRGINIA MUNICIPAL BOND TRUST,
1635729,EQTRF,Altamira Gold Corp.,
861972,SRLZF,Salazar Resources Ltd,
1493130,MAPPF,PROSTAR HOLDINGS INC. /BC,
878932,EQS,"EQUUS TOTAL RETURN, INC.",
1723047,VAUCF,Viva Gold Corp.,
845385,PIAC,PRINCETON CAPITAL CORP,
1463978,BKUCF,BLUE SKY URANIUM CORP.,
1643715,LISMF,LITHIUM SOUTH DEVELOPMENT Corp,
1418149,HLRTF,Hillcrest Energy Technologies Ltd.,
1519457,NMREF,Namibia Critical Metals Inc.,
1068897,FXBY,FOXBY CORP.,
1580110,LBCMF,Libero Copper & Gold Corp,
1689448,LILIF,Argentina Lithium & Energy Corp.,
1629632,EGTYF,Eguana Technologies Inc.,
1406944,TRBMF,TORQ RESOURCES INC.,
1403870,GARWF,Golden Arrow Resources Corp,
1169760,CMGHF,CHAODA MODERN AGRICULTURE HOLDINGS LTD /FI,
1874907,DEFG,Grayscale Decentralized Finance (DeFi) Fund LLC,
1588837,LMRMF,Lomiko Metals Inc.,
1858994,RSMXF,Regency Silver Corp.,
1327899,AAMTF,Armada Mercantile Ltd,
1480313,SMREF,SUN SUMMIT MINERALS CORP.,
1509705,NZERF,New Zealand Energy Corp.,
1847706,PSYCF,Psyched Wellness Ltd.,
1500620,BGAVF,Bravada Gold Corp,
1458057,ORMNF,OREX MINERALS INC,
1887603,HCNWF,Hypercharge Networks Corp.,
1398713,URZEF,URZ3 ENERGY CORP.,
1905688,AAUGF,AERO ENERGY Ltd,
1389545,NBY,"NovaBay Pharmaceuticals, Inc.",2834
1028357,BITTF,BITTERROOT RESOURCES LTD,
1894954,XPON,Expion360 Inc.,3690
1015155,CTHR,CHARLES & COLVARD LTD,3910
1729214,XRTX,XORTX Therapeutics Inc.,2834
1935688,LEBGF,Legible Inc.,
1792581,KRBP,"Kiromic Biopharma, Inc.",2836
1471727,BTTR,Better Choice Co Inc.,2080
1700849,VADP,Vado Corp.,7310
1435064,CETX,CEMTREX INC,3670
1368365,MARK,"REMARK HOLDINGS, INC.",4899
1687542,FRGT,"Freight Technologies, Inc.",4731
1829794,VLCN,"Volcon, Inc.",3711
887151,CAPS,Capstone Holding Corp.,5030
1424864,RYES,Rise Gold Corp.,1000
1611747,SCNI,Scinai Immunotherapeutics Ltd.,2836
1951067,CISS,C3is Inc.,4412
1621221,ARTL,"ARTELO BIOSCIENCES, INC.",2834
1492617,FWFW,"FLYWHEEL ADVANCED TECHNOLOGY, INC.",7380
1716621,VTAK,"Catheter Precision, Inc.",3841
1815128,STTDF,Standard Uranium Ltd.,
1680637,NRRWF,Nuran Wireless Inc.,
1347858,XXII,"22nd Century Group, Inc.",2111
1093636,ATYG,"Saxon Capital Group, Inc./DE",7374
1045942,TRCK,"Track Group, Inc.",3669
1705402,AGMH,"AGM GROUP HOLDINGS, INC.",7371
896493,GPUS,"Hyperscale Data, Inc.",3679
932021,GTLL,GLOBAL TECHNOLOGIES LTD,3663
1816319,LYT,Lytus Technologies Holdings PTV. Ltd.,7374
1689084,QRON,Qrons Inc.,2836
1468492,HSCS,HeartSciences Inc.,3842
1852633,PNST,"Pinstripes Holdings, Inc.",5810
1281845,UNQL,"Unique Logistics International, Inc.",4731
1784058,PNYG,Pony Group Inc.,7500
1938109,PAPL,Pineapple Financial Inc.,6199
1815021,BQ,Boqii Holding Ltd,5990
1085277,SKVI,"SKINVISIBLE, INC.",2834
1946563,SXTP,"60 DEGREES PHARMACEUTICALS, INC.",2834
1824293,GRI,"GRI Bio, Inc.",2834
1940674,SMX,SMX (Security Matters) Public Ltd Co,3590
764897,BRST,"Broad Street Realty, Inc.",6500
1870404,CERO,"CERO THERAPEUTICS HOLDINGS, INC.",2836
1582554,MTNB,"Matinas BioPharma Holdings, Inc.",2834
1861657,THAR,"Tharimmune, Inc.",2834
1892492,OCTO,Eightco Holdings Inc.,6153
1347242,LIPO,LIPELLA PHARMACEUTICALS INC.,2834
1894693,SVRE,SaverOne 2014 Ltd.,7371
1703625,BLIS,"NAPC Defense, Inc.",7310
1788230,CASK,"Heritage Distilling Holding Company, Inc.",2080
1419554,BBLG,Bone Biologics Corp,3842
775057,ALTX,ALTEX INDUSTRIES INC,1311
1062506,ALDA,ATLANTICA INC,6770
1666657,EBYH,"Strainsforpains, Inc.",
1810560,REVB,"REVELATION BIOSCIENCES, INC.",2834
1326706,NAOV,"NanoVibronix, Inc.",3842
743758,AIAD,"AiAdvertising, Inc.",5900
1023994,SGBX,SAFE & GREEN HOLDINGS CORP.,5030
1279715,IWSH,"Wright Investors Service Holdings, Inc.",6282
1393781,QIND,Quality Industrial Corp.,3590
1314196,OLB,"OLB GROUP, INC.",7389
1893645,PLRZ,Polyrizon Ltd.,3841
1211805,MYSZ,"My Size, Inc.",7372
1930419,ALRTF,ALR Technologies SG Ltd.,3669
1939365,IVP,"INSPIRE VETERINARY PARTNERS, INC.",0700
1543623,UCLE,US NUCLEAR CORP.,3829
1563577,GRTX,"Galera Therapeutics, Inc.",2834
856984,USAQ,"QHSLab, Inc.",3841
1741534,UOKA,MDJM LTD,6531
1671502,QNRX,"Quoin Pharmaceuticals, Ltd.",2834
1358633,SNBH,SENTIENT BRANDS HOLDINGS INC.,5734
1502758,NULGF,NuLegacy Gold Corp,
768408,CYAN,CYANOTECH CORP,2833
1554818,AUUD,AUDDIA INC.,7374
1357459,PALI,"PALISADE BIO, INC.",2836
1743340,TC,Token Cat Ltd,7389
1840563,ELAB,PMGC Holdings Inc.,2834
1806524,LGHL,Lion Group Holding Ltd,6211
1559157,SSOK,"Sunstock, Inc.",5331
1826397,AGRI,AGRIFORCE GROWING SYSTEMS LTD.,3448
1604191,ENTO,"Entero Therapeutics, Inc.",2834
1885408,JFBR,Jeffs' Brands Ltd,5900
1080448,PGOL,PATRIOT GOLD CORP,1040
1876766,LICN,Lichen China Ltd,8742
1704287,BJDX,"Bluejay Diagnostics, Inc.",3841
1735556,BTOG,BIT ORIGIN Ltd,6199
1843875,TRCC,TRACCOM INC.,3823
1755101,ALDS,APPlife Digital Solutions Inc,7374
1107421,TCRT,"Alaunos Therapeutics, Inc.",2834
1547705,BLFR,Bluefire Equipment Corp,3533
1730869,EBZT,"Everything Blockchain, Inc.",7372
1350102,ASTI,"Ascent Solar Technologies, Inc.",3674
1806904,EZGO,EZGO Technologies Ltd.,3751
847942,STQN,STRATEGIC ACQUISITIONS INC /NV/,6199
1182731,CNNN,ConneXionONE Corp.,7370
1144392,MGON,MEGOLA INC,2890
1784970,NXTT,Next Technology Holding Inc.,7374
1452583,CBMJ,"CONSERVATIVE BROADCAST MEDIA & PUBLISHING, INC.",4911
1737193,LDSN,Luduson G Inc.,7372
1603978,AQB,AQUABOUNTY TECHNOLOGIES INC,0900
1610853,HSDT,"HELIUS MEDICAL TECHNOLOGIES, INC.",3845
1460702,QLGN,"Qualigen Therapeutics, Inc.",2834
1691936,SNAX,"STRYVE FOODS, INC.",2000
1701261,FAMI,"Farmmi, Inc.",2033
1331421,HLLK,"HALLMARK VENTURE GROUP, INC.",6500
1496383,ILUS,Ilustrato Pictures International Inc.,3711
1499961,MULN,MULLEN AUTOMOTIVE INC.,3711
1004724,RHEP,"REGIONAL HEALTH PROPERTIES, INC",6519
1681682,NDRA,ENDRA Life Sciences Inc.,3845
1726711,ADTX,"Aditxt, Inc.",2834
1680378,SNES,"SenesTech, Inc.",2870
1576197,SENR,"Strategic Environmental & Energy Resources, Inc.",4955
1888014,AKAN,AKANDA CORP.,2833
1533743,PCSA,"Processa Pharmaceuticals, Inc.",2834
1873722,BBLR,Bubblr Inc.,7370
926617,AWH,Aspira Women's Health Inc.,2835
1415758,NVSGF,Nevada Sunrise Metals Corp.,
1427570,RSLS,ReShape Lifesciences Inc.,2834
1757499,SHPH,"Shuttle Pharmaceuticals Holdings, Inc.",2834
1981535,SBET,"SharpLink Gaming, Inc.",7372
1649009,SYTA,Siyata Mobile Inc.,4812
319458,ENSV,Enservco Corp,1389
1816815,BON,Bon Natural Life Ltd,2833
1613979,ZPHYF,ZEPHYR MINERALS LTD.,
744452,APDN,APPLIED DNA SCIENCES INC,8734
22701,SUNE,"SUNation Energy, Inc.",3661
1859007,ZVSA,"ZyVersa Therapeutics, Inc.",2834
849997,FECOF,FEC Resources Inc.,1311
822370,EMMA,"Emmaus Life Sciences, Inc.",2834
1741220,CWPE,CW Petroleum Corp,5172
1133192,VPER,VIPER NETWORKS INC,7389
1570937,ATAO,ALTAIR INTERNATIONAL CORP.,3841
1444839,BRVO,Bravo Multinational Inc.,7990
1815903,PTPI,"Petros Pharmaceuticals, Inc.",2834
925779,HIRU,HIRU Corp,5812
1787740,TIVC,"Tivic Health Systems, Inc.",3845
1836875,NVVE,Nuvve Holding Corp.,3612
1874074,MMVVF,MultiMetaVerse Holdings Ltd,7372
1911467,CRCE,"Circle Energy, Inc./NV",1311
1643721,LBUY,"LEAFBUYER TECHNOLOGIES, INC.",8742
1796129,VINC,"Vincerx Pharma, Inc.",2834
1409269,VERO,Venus Concept Inc.,3841
1199392,EGMCF,EMERGENT METALS CORP.,1000
1782107,ONCO,"Onconetix, Inc.",2834
1713539,KXIN,Kaixin Holdings,5500
1887673,WLDS,Wearable Devices Ltd.,3576
1785056,TRNR,"Interactive Strength, Inc.",3600
278165,OMQS,OMNIQ Corp.,7373
1817232,HGAS,Global Gas Corp,2810
1022899,PTIX,"Protagenic Therapeutics, Inc.\new",2834
1029125,PBLA,"Panbela Therapeutics, Inc.",2834
1639142,AETHF,Aether Global Innovations Corp.,1040
1205922,VCNX,"VACCINEX, INC.",2834
1622244,OWPC,"One World Products, Inc.",2834
1454742,GMER,"GOOD GAMING, INC.",7372
1424768,VYCO,VYCOR MEDICAL INC,3841
1132979,FRCB,FIRST REPUBLIC BANK,
1499494,DXF,Eason Technology Ltd,6199
1088638,MMND,"MASTERMIND, INC.",7310
1680132,CSUI,CANNABIS SUISSE CORP.,2600
2041890,HUML,"Humble Energy, Inc./FL",
1471781,GTCH,GBT Technologies Inc.,8742
1081188,GEGP,GOLD ENTERTAINMENT GROUP INC,3842
2038033,XGEN,GenEmbryomics Ltd,8071
1644903,YCBD,"cbdMD, Inc.",2844
1973368,SVUHF,SRIVARU Holding Ltd,3711
1821424,UK,Ucommune International Ltd,7389
1467761,MINM,"FiEE, Inc.",3661
1308027,VYST,Vystar Corp,3060
1100788,ILST,INTERNATIONAL STAR INC,6794
1914818,STBX,Starbox Group Holdings Ltd.,7310
1898474,SGN,"Signing Day Sports, Inc.",7374
1884072,JEWL,Adamas One Corp.,3910
1530746,KAYS,"Kaya Holdings, Inc.",2834
1959023,SGD,Safe & Green Development Corp,6500
1589150,RGBP,Regen BioPharma Inc,2834
1688126,CRCW,Crypto Co,7374
1607004,MRNJ,"METATRON APPS, INC.",7374
1520118,INTV,"INTEGRATED VENTURES, INC.",6199
1615219,SLRX,"Salarius Pharmaceuticals, Inc.",2834
1809616,UPC,Universe Pharmaceuticals INC,2834
1284237,ABCFF,ABACUS MINING & EXPLORATION CORP,
79661,PRSI,PORTSMOUTH SQUARE INC,6552
1807765,PMVC,PMV Consumer Acquisition Corp.,6770
1484674,ATMH,"ALL THINGS MOBILE ANALYTIC, INC.",7389
946486,WINT,WINDTREE THERAPEUTICS INC /DE/,2836
1358654,RMESF,"RED METAL RESOURCES, LTD.",1000
894560,BOTH,BIOETHICS LTD,6770
1841330,KTTA,Pasithea Therapeutics Corp.,2834
1729944,BACK,"IMAC Holdings, Inc.",8093
1066130,LINMF,Linear Minerals Corp,1000
1127475,DBMM,"Digital Brand Media & Marketing Group, Inc.",7389
1417926,NAYA,"NAYA Biosciences, Inc.",3841
1674227,WORX,SCWorx Corp.,7990
862668,ESMC,ESCALON MEDICAL CORP,3845
1643918,BDRX,Biodexa Pharmaceuticals Plc,2834
825171,HHHEF,37 CAPITAL INC,1000
1172069,PTOS,"P2 Solar, Inc.",1700
1679817,OZSC,"OZOP ENERGY SOLUTIONS, INC.",3690
774415,KRFG,OneSolution Technology Inc.,3612
1133818,BPTH,"BIO-PATH HOLDINGS, INC.",2834
1723980,SXTC,"China SXT Pharmaceuticals, Inc.",2834
1873213,BRWC,Birdie Win Corp,8200
1416090,IMII,BLUSKY AI INC.,1040
1284454,YBCN,Yong Bai Chao New Retail Corp,3714
1558569,ISPC,iSpecimen Inc.,8731
1609436,MEXGF,Mexican Gold Mining Corp.,
1963088,ATCH,"AtlasClear Holdings, Inc.",6199
1754323,XTKG,"X3 Holdings Co., Ltd.",7371
1750777,HWKE,"Hawkeye Systems, Inc.",3861
1586554,CBDY,Target Group Inc.,2833
1673475,GPOX,"GPO Plus, Inc.",8900
1643301,AVRW,"Avenir Wellness Solutions, Inc.",2834
1001601,MGTI,"MGT CAPITAL INVESTMENTS, INC.",6199
1594968,VEST,"Vestiage, Inc.",7900
1922639,OILCF,Permex Petroleum Corp,1381
1346917,GNTOF,GENTOR RESOURCES INC.,1000
1401835,SRGZ,Star Gold Corp.,1000
1434737,SRSG,"SPIRITS TIME INTERNATIONAL, INC.",1311
1906133,ICCT,iCoreConnect Inc.,7372
1839608,GETR,"Getaround, Inc",7510
1609258,PTCO,PetroGas Co,1311
1350156,PAXH,PREAXIA HEALTH CARE PAYMENT SYSTEMS INC.,5700
1515139,WAST,WASTE ENERGY CORP.,7389
1552189,PLSH,"PANACEA LIFE SCIENCES HOLDINGS, INC.",2833
1530425,ARRT,"Artisan Consumer Goods, Inc.",1000
1483646,BEGI,"BLACKSTAR ENTERPRISE GROUP, INC.",6199
1776073,CBDL,CBD Life Sciences Inc.,2833
1349706,TOGI,"TurnOnGreen, Inc.",3620
1599117,MNTR,"Mentor Capital, Inc.",6799
1593549,NUGN,"Livento Group, Inc.",7372
884380,KEGS,"1812 Brewing Company, Inc.",7389
1429560,TRVN,TREVENA INC,2834
1138978,NVOS,"Novo Integrated Sciences, Inc.",3510
835662,AIXN,"AiXin Life International, Inc.",5912
1651992,ASFT,"Appsoft Technologies, Inc.",7372
1971260,CLDVF,Cloud3 Ventures Inc.,
1877461,CBDW,1606 CORP.,7372
1321834,TNFA,"TNF Pharmaceuticals, Inc.",2835
720875,DYNT,DYNATRONICS CORP,3841
1419051,TSOI,"THERAPEUTIC SOLUTIONS INTERNATIONAL, INC.",3841
1537561,ARTH,"Arch Therapeutics, Inc.",3841
1730773,BSFC,Blue Star Foods Corp.,2092
1661166,LGCP,Legion Capital Corp,6282
1404593,MDCE,Medical Care Technologies Inc.,7389
1625288,NXEN,"NEXIEN BIOPHARMA, INC.",2834
1696411,CCCP,Crona Corp.,7389
1616291,JPPYY,Jupai Holdings Ltd,6282
1593001,NGTF,"NightFood Holdings, Inc.",2060
814926,CAPC,"CAPSTONE COMPANIES, INC.",3640
1575142,BDPT,"BIOADAPTIVES, INC.",2834
820771,GFMH,Goliath Film & Media Holdings,7822
1440799,MMEX,MMEX Resources Corp,7819
725394,DFCO,DALRADA FINANCIAL CORP,7363
1061027,VIRX,"Viracta Therapeutics, Inc.",2834
1518336,DREM,Dream Homes & Development Corp.,1531
1563298,EAWD,Energy & Water Development Corp,3585
799698,LADX,LadRx Corp,2836
1476963,SCPX,"Scorpius Holdings, Inc.",2834
1419559,CAMG,"CAM GROUP, INC.",7310
1626644,ODYY,"Odyssey Health, Inc.",3841
1474558,KATX,"KAT EXPLORATION, INC.",6770
1517389,JFIL,"Jubilant Flame International, Ltd",7371
1872812,TCBP,TC BioPharm (Holdings) plc,2836
1445467,AVPMF,AVRUPA MINERALS LTD.,1090
1619227,CLOW,"Cloudweb, Inc.",7370
790273,CONC,CONECTISYS CORP,3663
1376804,VNUE,"VNUE, Inc.",7822
1785592,LFLY,"Leafly Holdings, Inc. /DE",7372
1060888,LQWC,LIFEQUEST WORLD CORP.,4950
1644963,ATXI,"AVENUE THERAPEUTICS, INC.",2834
764630,SPEV,SHOREPOWER TECHNOLOGIES INC.,3790
849636,RSPI,RespireRx Pharmaceuticals Inc.,2834
1837607,AEON,"AEON Biopharma, Inc.",2834
1947861,NMHI,Nature's Miracle Holding Inc.,3523
1682265,ONAR,Onar Holding Corp,1700
1409197,BSPK,"Bespoke Extracts, Inc.",2834
1635077,ACON,"Aclarion, Inc.",8071
1533357,DTII,DEFENSE TECHNOLOGIES INTERNATIONAL CORP.,1040
1355790,ISCO,International Stem Cell CORP,2834
1464865,ASII,"Accredited Solutions, Inc.",2080
1584480,LAAB,"Startech Labs, Inc.",7372
1624517,YCRM,Yuenglings Ice Cream Corp,7389
1583771,HEPA,"Hepion Pharmaceuticals, Inc.",2834
1508348,ACAN,"AmeriCann, Inc.",8742
915661,GRLF,GREEN LEAF INNOVATIONS INC,2050
1618835,EVFM,"Evofem Biosciences, Inc.",2834
1143994,MRPT,MACREPORT NET INC,7389
1335288,REOS,ReoStar Energy CORP,1382
1584754,AKTSQ,"Akoustis Technologies, Inc.",3661
1605331,ABQQ,AB INTERNATIONAL GROUP CORP.,6794
768835,BIGGQ,BIG LOTS INC,5331
1543637,NUMD,"Nu-Med Plus, Inc.",3841
1536394,USLG,"U.S. Lighting Group, Inc.",3640
1961,WDDD,WORLDS INC,7372
1061040,NGCG,"New Generation Consumer Group, Inc.",9995
1404804,OMTK,Omnitek Engineering Corp,3714
1497130,VNTH,"Nano Mobile Healthcare, Inc.",3790
1417664,VEII,"Value Exchange International, Inc.",7380
1427644,SLDC,"Telco Cuba, Inc.",4813
1850838,OMGAQ,"Omega Therapeutics, Inc.",2836
1733298,QTTOY,Qutoutiao Inc.,7370
1747661,ADD,"Color Star Technology Co., Ltd.",8200
1622879,SHWZ,"Medicine Man Technologies, Inc.",8742
1530185,ATVK,"Ameritek Ventures, Inc.",3714
1084937,NWPN,NOW Corp I,9995
1760026,RMTG,Regenerative Medical Technology Group Inc.,5990
824416,QPRC,QUEST PATENT RESEARCH CORP,5190
1829635,RNAZ,"Transcode Therapeutics, Inc.",2834
1425627,SOBR,"SOBR Safe, Inc.",2721
1648087,AREB,AMERICAN REBEL HOLDINGS INC,3490
1680689,NRHI,"Natural Resource Holdings, Inc.",5960
1210618,SPIEF,"SPI Energy Co., Ltd.",3674
1375793,MLRT,"Metalert, Inc.",3663
1290658,ITOX,"IIOT-OXYS, Inc.",7372
1416697,BLPG,"Blue Line Protection Group, Inc.",5900
1883984,ALCE,"Alternus Clean Energy, Inc.",4931
1292490,SYIN,"Synbio International, Inc.",
1346655,CMGO,"CMG HOLDINGS GROUP, INC.",7310
1098462,MTLK,METALINK LTD,3674
720762,NIMU,NON INVASIVE MONITORING SYSTEMS INC /FL/,3845
1370816,FBCD,"FBC Holding, Inc.",5600
1555017,SKYI,"Sky Century Investment, Inc.",8741
1794942,SKFG,"Stark Focus Group, Inc.",5130
1695473,GCAN,"Greater Cannabis Company, Inc.",2834
1964021,NCNCF,noco-noco Inc.,3690
912544,NSTM,NovelStem International Corp.,5990
1788841,MCOM,micromobility.com Inc.,7389
1084475,NIHK,"Video River Networks, Inc.",6500
1407704,BOTY,"LINGERIE FIGHTING CHAMPIONSHIPS, INC.",7900
1485074,FRZT,"Freeze Tag, Inc.",7372
1880431,VHAI,Vocodia Holdings Corp,7371
1838128,LOWLF,Lowell Farms Inc.,0100
1356914,ECPL,ECOPLUS INC,8090
1421636,CBNT,"C-Bond Systems, Inc",6799
1886362,MGAM,"Mobile Global Esports, Inc.",7900
1132509,NNAX,New Momentum Corp.,8741
1644488,SHRG,SHARING SERVICES GLOBAL Corp,5122
773318,VRTC,VERITEC INC,8741
1763329,AIBT,"Mycotopia Therapies, Inc.",2833
1434601,TMGI,"Marquie Group, Inc.",4832
1082733,VISM,"VISIUM TECHNOLOGIES, INC.",7371
890725,GSAC,GELSTAT CORP,2834
1601936,CYTOF,Altamira Therapeutics Ltd.,2834
1637866,DGWR,"Deep Green Waste & Recycling, Inc.",4955
1661600,SATT,SATIVUS TECH CORP.,8742
918573,GRVE,GROOVE BOTANICALS INC.,1311
1162461,CUTRQ,CUTERA INC,3845
925660,FLXT,FLEXPOINT SENSOR SYSTEMS INC,3829
803097,SPQS,"SportsQuest, Inc.",7900
1165320,GBLX,GB SCIENCES INC,1311
1343009,CNBX,CNBX Pharmaceuticals Inc.,2834
895287,VMHG,VICTORY MARINE HOLDINGS CORP,5160
1230524,LEEN,"Leopard Energy, Inc.",8742
1893311,LUXH,LUXURBAN HOTELS INC.,6500
1990446,GRPS,"Trans American Aquaculture, Inc",0200
811240,BIOLQ,"BIOLASE, INC",3843
352991,AOXY,ADVANCED OXYGEN TECHNOLOGIES INC,6500
1416876,FCHS,"First Choice Healthcare Solutions, Inc.",8071
860543,JKSM,Jacksam Corp,4833
1838876,GSLR,"GeoSolar Technologies, Inc.",3690
1433309,PLTYF,"Plastec Technologies, Ltd.",3089
1502152,GSTC,GlobeStar Therapeutics Corp,2834
894552,EMDF,"E Med Future, Inc.",7819
1734262,CTKYY,CooTek(Cayman)Inc.,7374
1008654,TUPBQ,TUPPERWARE BRANDS CORP,3089
1064722,GMPW,GIVEMEPOWER CORP,6500
813716,CIRX,CIRTRAN CORP,2080
1872292,RAKR,Rainmaker Worldwide Inc.,2086
1852707,BFYW,"Better For You Wellness, Inc.",2080
1530163,SAML,"Samsara Luggage, Inc.",5990
1346022,ENRT,Enertopia Corp.,1000
1499275,SANP,SANTO MINING CORP.,7372
1854583,CAUD,"Collective Audience, Inc.",8742
1902930,PDPG,"Performance Drink Group, Inc.",2080
1321828,DCLT,Data Call Technologies,7389
1715819,EMED,"Electromedical Technologies, Inc",3841
1725911,NBND,NetBrands Corp.,2050
1948884,GPAK,Gamer Pakistan Inc,7900
1145898,CWNOF,CHINESEWORLDNET COM INC,7389
1465470,SHMP,NaturalShrimp Inc,0900
1227282,SPOWF,Strata Power Corp,1311
1517681,PPCB,"Propanc Biopharma, Inc.",2834
2025608,SOUL,Soulpower Acquisition Corp.,6770
1913210,BRSHF,Bruush Oral Care Inc.,3843
1443611,SING,SinglePoint Inc.,5960
1609139,INND,"INNERSCOPE HEARING TECHNOLOGIES, INC.",7311
918545,BISA,BALTIC INTERNATIONAL USA INC,6770
1591913,IPSI,"Innovative Payment Solutions, Inc.",5961
1834975,VEVMQ,VICINITY MOTOR CORP,3711
1525306,FSTJ,First America Resources Corp,5065
1990145,NUVOQ,Holdco Nuvo Group D.G Ltd.,3841
1381871,BOMO,"bowmo, Inc.",7371
1671132,SONG,Music Licensing Inc.,7900
1049011,KDCE,KID CASTLE EDUCATIONAL CORP,5040
1704795,BANT,"Bantec, Inc.",3721
1803096,STRG,"STARGUIDE GROUP, INC.",5190
1068689,ATDS,"Data443 Risk Mitigation, Inc.",7372
2047497,RAC,Rithm Acquisition Corp.,6770
2040290,LGPS,LOGPROSTYLE INC.,1531
1979414,NTHI,"NEONC TECHNOLOGIES HOLDINGS, INC.",2834
772263,NICH,NITCHES INC,2330
1944712,BIYA,Baiya International Group Inc.,7361
1633369,CAST,"FreeCast, Inc.",7374
2027265,MB,MASTERBEEF GROUP,5812
1997637,IOTR,iOThree Ltd,4899
2019435,BGL,Blue Gold Ltd,1000
2034520,GIBO,GIBO HOLDINGS Ltd,7372
2003977,CRE,Cre8 Enterprise Ltd,2750
2035693,LDIN,Leading Partners Ltd,6411
2041675,DCR,DCR Tech Group Ltd,7819
1993400,FATN,Fatpipe Inc/UT,7372
2000366,SCAG,Scage Future,3713
2019793,SAFX,"Focus Impact BH3 NewCo, Inc.",2860
2046573,PTNM,Pitanium Ltd,2844
933738,ENGCQ,ENGLOBAL CORP,8711
1294808,PYT,PPLUS Trust Series GSC-2,6189
1896036,EIIA,Eagle Point Institutional Income Fund,
2033770,DAIC,"CID Holdco, Inc.",7373
2010959,AHMA,AMBITIONS ENTERPRISE MANAGEMENT CO. L.L.C,7900
1995704,CUPR,Cuprina Holdings (Cayman) LTD,2834
2009233,AGRZ,Agroz Inc.,0100
1980262,HWEP,"HW Electro Co., Ltd.",3711
1383149,UDN,INVESCO DB US DOLLAR INDEX BEARISH FUND,6221
723533,WYGC,Longwen Group Corp.,8742
1873454,RYET,Ruanyun Edai Technology Inc.,7372
2047455,QSEA,Quartzsea Acquisition Corp,6770
1867506,DDCIU,"Diffuse Digital 30, LP",
2024876,EDHL,Everbright Digital Holding Ltd.,7310
1992508,CETH,21Shares Core Ethereum ETF,6221
1860788,ETHV,VanEck Ethereum ETF,6221
1130889,CNCL,CANCER CAPITAL CORP,6770
1546652,OUNZ,VanEck Merk Gold ETF,6221
1934245,NWTG,"Sacks Parente Golf, Inc.",3949
1702015,AIDG,"AIS Holdings Group, Inc.",6770
2020455,ETH,Grayscale Ethereum Mini Trust ETF,6221
1353615,FXF,Invesco CurrencyShares Swiss Franc Trust,6221
1063761,SPGJ,SIMON PROPERTY GROUP INC /DE/,6798
2009714,TMDE,TMD Energy Ltd,5172
1861371,ESPA,Expectation Acquisition Corp,6770
1759124,IAUM,iShares Gold Trust Micro,6221
1896677,GSOL,Grayscale Solana Trust (SOL),
2013320,ELOG,Eastern International Ltd.,4731
1869699,ARKB,Ark 21Shares Bitcoin ETF,6221
1992870,EZBC,Franklin Templeton Digital Holdings Trust,6221
2036973,UYSC,UY Scuti Acquisition Corp.,6770
1283337,KTN,STRUCTURED PRODUCTS CORP CRED ENHANCE CORTS TR FOR AON CAP A,6189
1837254,FBIC,Functional Brands Inc.,2833
2024258,POAS,Phaos Technology (Cayman) Holdings Ltd,3823
1769628,CRWV,"CoreWeave, Inc.",7372
2006468,NUTR,NUSATRIP Inc,4700
1400691,HDLMY,HeidelbergCement AG,8880
2013100,VTEK,VISTEK LTD,1623
2014955,SDM,Smart Digital Group Ltd,7380
2044048,SNI,SHENNI HOLDINGS Ltd,3841
2018529,NCT,Intercont (Cayman) Ltd,4412
2042648,YTTA,Nidar Infrastructure Ltd,3576
2035964,SFDX,"SFIDA X, Inc.",7371
1673743,HNGE,"Hinge Health, Inc.",7374
1991879,TMGX,Thoughtful Media Group Inc.,7310
2012318,IPCX,Inflection Point Acquisition Corp. III,6770
2011674,YDES,YD Bio Ltd,8071
1852040,GBAT,Grayscale Basic Attention Token Trust (BAT),
2012600,RYOJ,"rYojbaba Co., Ltd.",8742
2005569,EMPG,Empro Group Inc.,2844
1955514,RAN,RanMarine Technology B.V.,3730
1994214,NOMA,Nomadar Corp.,7900
2025942,CURX,Curanex Pharmaceuticals Inc,2834
1852024,GLIV,Grayscale Livepeer Trust (LPT),
1503658,LVDW,LiquidValue Development Inc.,6500
1987101,CABI,"EL-0713 Fund I, a series of Roll Up Vehicles, LP",
1915328,ISRLU,Israel Acquisitions Corp,6770
2025218,DLXY,Delixy Holdings Ltd,5172
2023719,GFTTY,GFT Technologies SE/ADR,
2038439,VWAV,"VisionWave Holdings, Inc.",7372
1883437,EPSM,Epsium Enterprise Ltd,5180
1945565,BGIN,BGIN BLOCKCHAIN Ltd,6199
1954705,FFFZ,Fuxing China Group Ltd,3990
2001794,CIGL,Concorde International Group Ltd.,7381
2013602,FLYB,Flybondi Holdings plc,4512
2039096,ELCG,ELC Group Holdings Ltd.,7363
2030771,QMSK,"QMSK Technology Co., Ltd",6411
2000756,KWM,K Wave Media Ltd.,7819
1340909,GJO,"STRATS SM TRUST FOR WAL-MART STORES, INC. SECURITIES, SERIES 2005-4",6189
1254699,QVCD,QVC INC,5961
2015034,BTC,Grayscale Bitcoin Mini Trust ETF,6221
1940366,USIC,Uncle's Ice Cream,
2022308,KIDZ,"Classover Holdings, Inc.",8200
1871181,FOFA,"FAMILY OFFICE OF AMERICA, INC.",3841
1753681,BYLT,Elite Performance Holding Corp,2080
2055459,RDAG,Republic Digital Acquisition Co,
2044635,GSHR,Gesher Acquisition Corp. II,6770
1934836,MVRK,Maverick Lifestyle Inc.,2833
1971387,LIMN,Iris Parent Holding Corp.,2836
1818274,ARAI,Arrive AI Inc.,7340
1761325,GXLM,Grayscale Stellar Lumens Trust (XLM),6221
1997799,INKS,Aimfinity Investment Merger Sub I,3841
1952670,TVCN,TV Channels Network Inc.,4899
1852753,TSLVF,TIER ONE SILVER INC.,
1130781,NBBI,NEURALBASE AI LTD.,7812
2032241,UHL,UNITED HYDROGEN GLOBAL INC.,1700
1982448,BLIV,BeLive Holdings,7373
2033991,TVA,Texas Ventures Acquisition III Corp,6770
1852023,MANA,Grayscale Decentraland Trust (MANA),
2024656,FMFC,Kandal M Venture Ltd,3100
2000638,ETHA,iShares Ethereum Trust ETF,6221
1383151,UUP,Invesco DB US Dollar Index Bullish Fund,6221
1754068,KLRS,"Kalaris Therapeutics, Inc.",2836
2024459,CHAR,Charlton Aria Acquisition Corp,6770
2033593,SVCC,Stellar V Capital Corp. (Cayman Islands),6770
823277,CHSCP,CHS INC,5150
1427437,ETI-P,"ENTERGY TEXAS, INC.",4911
2033615,MGNO,"Magnolia Bancorp, Inc.",6035
1346287,CLUS,China Teletech Holding Inc,4899
68622,CTBB,QWEST CORP,4813
2011535,EZET,Franklin Ethereum Trust,6221
2028516,ATII,Archimedes Tech SPAC Partners II Co.,6770
1971828,ENGS,Energys Group Ltd,1731
2048951,LOKV,Live Oak Acquisition Corp. V,6770
1353614,FXA,Invesco CurrencyShares Australian Dollar Trust,6221
1348952,ELC,"ENTERGY LOUISIANA, LLC",4911
1995569,QETH,Invesco Galaxy Ethereum ETF,6221
2037080,QHT,Qinhui Technology International Co. Ltd.,3714
1950851,DLHZ,Dalu International Group Ltd,6500
2007599,LAWR,"Robot Consulting Co., Ltd.",7370
1283464,KTH,STRUCTURED PRODUCTS CORP CORTS TR FOR PECO ENERGY CAP TR III,6189
2033807,EZPZ,Franklin Crypto Trust,6221
1610718,ODRS,"Outdoor Specialty Products, Inc.",3949
1858258,FGDL,Franklin Templeton Holdings Trust,6221
1838028,HODL,VanEck Bitcoin ETF,6221
1101680,DZSIQ,DZS INC.,3661
1009759,CGEH,"Capstone Green Energy Holdings, Inc.",3510
1748945,HZEN,Grayscale Horizen Trust (ZEN),6221
1854368,DGXX,Digi Power X Inc.,6199
1886799,BGXXQ,Bright Green Corp,2833
1979610,WXM,WF International Ltd.,1700
1489300,ZLME,Zhanling International Ltd,1000
1813744,WDSP,"World Scan Project, Inc.",5045
1756404,PDSRX,Principal Real Asset Fund,
2047235,WSBK,"Winchester Bancorp, Inc./MD/",6036
1009919,IVHI,"Invech Holdings, Inc.",8742
1725210,ETHE,Grayscale Ethereum Trust ETF,6221
1985840,DEFI,Tidal Commodities Trust I,6221
1723788,BITW,Bitwise 10 Crypto Index Fund,6221
1674356,TPTA,"Terra Property Trust, Inc.",6798
2025401,FERA,Fifth Era Acquisition Corp I,6770
2013744,ETHW,Bitwise Ethereum ETF,6199
1903464,AIMA,Aimfinity Investment Corp. I,6770
2017758,LHAI,Linkhome Holdings Inc.,6531
1450923,SGOL,abrdn Gold ETF Trust,6221
1561032,NHPAP,"National Healthcare Properties, Inc.",6798
70502,NRUC,NATIONAL RURAL UTILITIES COOPERATIVE FINANCE CORP /DC/,6159
1763415,BITB,Bitwise Bitcoin ETF,6221
1705181,ETCG,Grayscale Ethereum Classic Trust (ETC),6221
2025774,ALPS,Alps Global Holding Pubco,6770
1850391,BTCW,WisdomTree Bitcoin Fund,6221
1353611,FXB,Invesco CurrencyShares British Pound Sterling Trust,6221
1353612,FXC,Invesco CurrencyShares Canadian Dollar Trust,6221
1459862,PALL,abrdn Palladium ETF Trust,6221
1386570,NAGE,ChromaDex Corp.,2833
1405513,UNL,"United States 12 Month Natural Gas Fund, LP",6221
2000046,FETH,Fidelity Ethereum Fund,6199
1726079,LUCN,"Lucent, Inc.",7389
1708646,AAAU,Goldman Sachs Physical Gold ETF,6221
1845149,CBGGF,Chain Bridge I,6770
1690842,PLTM,GraniteShares Platinum Trust,6221
1580063,BIORQ,"BIORA THERAPEUTICS, INC.",2834
1852317,FBTC,Fidelity Wise Origin Bitcoin Fund,6221
1980994,IBIT,iShares Bitcoin Trust ETF,6221
2034334,AACB,Artius II Acquisition Inc.,6770
1618181,GLDM,World Gold Trust,6221
1403528,OAK-PA,"Brookfield Oaktree Holdings, LLC",6282
1472494,BNO,"United States Brent Oil Fund, LP",6221
1841175,BRRR,CoinShares Valkyrie Bitcoin Fund,6221
1450922,SIVR,abrdn Silver ETF Trust,6221
2028177,YOUL,Youlife Group Inc.,8200
1690437,BAR,GraniteShares Gold Trust,6221
1750153,GOEVQ,Canoo Inc.,3714
1405528,USL,"United States 12 Month Oil Fund, LP",6221
1779020,DNMRQ,"Danimer Scientific, Inc.",2821
49196,HBANP,HUNTINGTON BANCSHARES INC /MD/,6021
1720265,ZCSH,Grayscale Zcash Trust (ZEC),6221
1677615,XPTFX,Federated Hermes Project & Trade Finance Tender Fund,
1855781,BTCO,Invesco Galaxy Bitcoin ETF,6221
1837493,IINNW,Inspira Technologies OXY B.H.N. Ltd,3841
1460235,PPLT,abrdn Platinum ETF Trust,6221
1422142,WHWK,"Aadi Bioscience, Inc.",2834
1479247,USCI,United States Commodity Index Funds Trust,6221
1483386,GLTR,abrdn Precious Metals Basket ETF Trust,6221
1868573,APXIF,APx Acquisition Corp. I,6770
1124959,XSIAX,VOYA CREDIT INCOME FUND,
1396878,UGA,"United States Gasoline Fund, LP",6221
1982960,KNRX,KNOREX LTD.,7370
1987363,WTF,Waton Financial Ltd,6200
2037646,MDER,KVAC (Cayman) Ltd,2836
2027722,GRAN,Grande Group Ltd/HK,6199
1872421,GACW,GACW Inc,
2008007,MAMK,MaxsMaking Inc.,2390
2040291,CTMB,"Center Mobile Co., Ltd.",4812
2058359,CRA,Cal Redwood Acquisition Corp.,
2045931,AHJK,"Aimei Health Technology II Co., Ltd.",
1267332,IPB,MERRILL LYNCH DEPOSITOR INC INDEXPLUS TRUST SERIES 2003-1,6189
2004340,SYNSY,Syensqo SA/ADR,
2024460,CHPG,ChampionsGate Acquisition Corp,6770
2028201,COLA,Columbus Acquisition Corp/Cayman Islands,6770
2030277,LFS,"LEIFRAS Co., Ltd.",8200
1990643,HPOT,Great Restaurant Development Holdings Ltd,5812
1286405,GJH,STRATS SM TRUST FOR U S CELL CORP SEC SERIES 2004 6,6189
2003292,KLAR,Klarna Group plc,6199
2012219,OMSE,OMS Energy Technologies Inc.,3533
2042187,KYTFY,Kyoto Financial Group Inc/ADR,
1999119,LBRJ,"Libera Gaming Operations, Inc",7990
2031069,NCIQ,Hashdex Nasdaq Crypto Index US ETF,6221
1577134,TFSA,"Terra Income Fund 6, LLC",6798
1690012,ICR-PA,"InPoint Commercial Real Estate Income, Inc.",6798
2052161,RAAQ,Real Asset Acquisition Corp.,6770
2033738,GTSG,GATES GROUP Inc.,6500
1291313,GEHDF,Great Eastern Holdings Ltd,
2025049,AURS,Aurous Resources,1000
2021880,HMH,HMH Holding Inc,3533
2052162,DAAQ,Digital Asset Acquisition Corp.,6770
1872228,TVAI,Thayer Ventures Acquisition Corp II,6770
1983022,PICW,Pictureworks International Holdings Ltd,7372
2009183,TACH,Titan Acquisition Corp.,6770
2036307,OFAL,OFA Group,8711
1912966,RGNT,REGENTIS BIOMATERIALS LTD.,2834
2053906,BGO,"Bialgo Commercial Operation Management CO., Ltd",
2026478,NMAX,Newsmax Inc.,4833
1987189,SLGB,Smart Logistics Global Ltd,4731
2047713,DTDT,DT House Ltd,7389
2032779,EHLD,Euroholdings Ltd.,4412
2035709,PHOE,Phoenix Asia Holdings Ltd,1700
2026353,ATHR,"Aether Holdings, Inc.",7372
2003770,KMYGY,"Kumyang Co., Ltd./ADR",
2013873,OMNI,OmnigenicsAI Corp,8000
1875016,YMAT,"J-Star Holding Co., Ltd.",3949
1996450,DMNT,"DMINT, Inc.",6199
2035989,AMRZ,Amrize Ltd,3241
2004385,FGO,FG Holdings Ltd,6199
2039060,RBNE,Robin Energy Ltd.,4412
2027360,RCT,RedCloud Holdings plc,5990
2044817,MTNE,CH4 Natural Solutions Corp,6770
1877971,POM,POMDOCTOR Ltd,7374
2026514,NAMM,Namib Minerals,1040
2013099,SFTO,Softto Inc,2840
1805092,AAGO,"Aspargo Labs, Inc.",2834
1356284,GJS,"STRATS(SM) Trust for Goldman Sachs Group Securities, Series 2006-2",6189
1534043,FUPEY,Fuchs Petrolub SE/ADR,
2032755,PFAI,Pinnacle Food Group Ltd,0700
2033515,TOPW,Top Win International Ltd,5094
1284143,JBK,LEHMAN ABS CORP GOLDMAN SACHS CAP 1 SEC BACKED SER 2004-6,6189
2028735,SPEG,Silver Pegasus Acquisition Corp.,6770
1995075,MGN,Megan Holdings Ltd.,0200
1980210,WFF,WF Holding Ltd,3990
2034723,YDDL,One & one Green Technologies. INC,5090
1353226,GJR,"STRATS(SM) Trust for Procter & Gamble Securities, Series 2006-1",6189
2010218,AAS,Antharas Inc,6500
2039384,AIAS,AI ASSETS LTD,7374
2018269,TYZ,Tong Ying Group,5160
2041208,TREO,Plum III Merger Corp.,1000
2046919,RNBW,Rainbow Capital Holdings Ltd,6199
1866364,BULL,Webull Corp,6211
2031688,ANPA,Rich Sparkle Holdings Ltd,7380
1882782,ODTX,"Odyssey Therapeutics, Inc.",2836
2011458,ZGM,Zenta Group Co Ltd,8742
1357660,GJT,"STRATS(SM) Trust for Allstate Corp Securities, Series 2006-3",6189
1852025,GLNK,Grayscale Chainlink Trust (LINK),
1544088,DSRNY,DiaSorin SpA/ADR,
1343491,GJP,"STRATS(SM) TRUST FOR DOMINION RESOURCES, INC. SECURITIES, SERIES 2005-6",6189
2020228,MSGY,Masonglory Ltd,1700
2044327,CFND,C1 Fund Inc.,
1897532,MJID,Majestic Ideal Holdings Ltd,2300
1983897,GMCG,GLAMOORE Capital Group Co Ltd.,6199
1472033,JTGEY,"Citibank,N.A./ADR",
2034269,CEPT,"Cantor Equity Partners II, Inc.",6770
1997698,PRGY,IGTA Merger Sub Ltd,7370
2019042,AVG,ANEW HEALTH Ltd,8000
1924356,AURN,"Aurion Biotech, Inc.",2836
2023796,FCHL,Fitness Champs Holdings Ltd,7990
2035697,PLBL,Polibeli Group Ltd,6770
1804468,EVOY,"Envoy Technologies, Inc.",7510
2058758,AVBC,"Avidia Bancorp, Inc.",
2034037,SDHI,Siddhi Acquisition Corp (Cayman Islands),6770
2027160,VNTG,Vantage Corp (Singapore),4731
2001611,EFB,Everfront Biotech Holding Co Ltd,2834
2027262,FTRK,Fast Track Group,7900
1555812,CPAXF,Siam Makro Public Co Limited/ADR,8880
2042460,HAVA,Harvard Ave Acquistion Corp,6770
1977251,SKUB,Skubbs Holdings Ltd,7371
1108329,PCCYF,PETROCHINA CO LTD,1311
1268896,CILJF,CHINA LIFE INSURANCE CO LTD,6311
1091587,ABLZF,ABB LTD,3613
1091587,ABBNY,ABB LTD,3613
769594,NTTYY,NIPPON TELEGRAPH & TELEPHONE CORP,4813
1161167,AIQUF,L AIR LIQUIDE SA /FI,
948401,CFRHF,COMPAGNIE FINANCIERE RICHEMONT AG /FI,
1123658,SNPMF,CHINA PETROLEUM & CHEMICAL CORP,2911
30554,CTA-PB,"EIDP, Inc.",2820
1445465,PPRUF,Kering,
1443276,TOELF,Tokyo Electron LTD,
1106215,KDDIF,KDDI CORP,
895564,BAESF,BAE SYSTEMS PLC /FI/,
1063761,SPG,SIMON PROPERTY GROUP INC /DE/,6798
719245,WEBNF,WESTPAC BANKING CORP,6029
30554,CTA-PA,"EIDP, Inc.",2820
1446519,DKILF,Daikin Industries Ltd,
1063761,SPG-PJ,SIMON PROPERTY GROUP INC /DE/,6798
1359519,SVNDF,SEVEN & I HOLDINGS CO LTD,
1450468,MRAAF,"Murata Manufacturing Co., Ltd./ADR",
1038143,FNCTF,ORANGE,4813
800365,FUJIF,FUJI PHOTO FILM CO LTD /FI,
16988,CAJPY,CANON INC,3861
1535628,CIXPF,CaixaBank/ADR,
1700171,ANNSF,Aena S.A./ADR,
1436778,SAXPF,Sampo OYJ,
1618755,RSTRF,Restaurant Brands International Limited Partnership,5812
16988,CAJFF,CANON INC,3861
49196,HBAN,HUNTINGTON BANCSHARES INC /MD/,6021
1560385,FWONA,Liberty Media Corp,4833
1560385,FWONK,Liberty Media Corp,4833
1446437,YAHOF,Yahoo! Japan Corp,
1449566,WLMIF,Wilmar International Ltd,
1093028,EJPRF,EAST JAPAN RAILWAY CO /FI,
1560385,FWONB,Liberty Media Corp,4833
1450346,POAHF,Porsche Automobil Holding SE / ADR,
1712356,HRNNF,Hydro One Ltd,4911
1069347,SGSOF,SGS SOCIETE GENERALE DE SURVEILLANCE HOLDING SA /FI,
1461748,PPERF,PT Bank Mandiri (Persero) Tbk / ADR,
1030475,CHEAF,CHINA EASTERN AIRLINES CORP LTD,4512
1041668,CHKIF,CHINA SOUTHERN AIRLINES CO LTD,4512
1400691,HLBZF,HeidelbergCement AG,8880
1078642,CRERF,CARREFOUR SA,
1475011,JBARF,Julius Baer Group Ltd.,
871464,HKHGF,HONGKONG LAND HOLDINGS LTD /FI,
1131345,NVZMF,NOVOZYMES AS/FI,
929058,HUNGF,HUANENG POWER INTERNATIONAL INC,4911
930826,SVYSF,SOLVAY S A /ADR/,
1442651,SHECF,"Shin-Etsu Chemical Co., Ltd.",
1161611,ALMMF,ALUMINUM CORP OF CHINA LTD,3334
1504122,PBNNF,PT Bank Negara Indonesia (Persero) Tbk/ADR,
1690981,NNGPF,NN Group NV/ADR,
1446656,KIKOF,Kikkoman Corp,
1447100,YAMHF,"Yamaha Motor Co., Ltd.",8880
1438654,RDEIF,Red Electrica Corporacion SA/ADR,
1436786,OUKPF,Outotec OYJ,
1442653,ROHCF,"ROHM Co., Ltd.",
1600520,OSCUF,"Japan Exchange Group, Inc./ADR",
1527469,ATH-PA,Athene Holding Ltd.,6311
1294591,RKUNF,"Rakuten Group, Inc.",
1534043,FUPBY,Fuchs Petrolub SE/ADR,
1710864,MSUXF,Misumi Group Inc./ADR,
1558812,MEJHF,MEIJI Holdings Co Ltd/ADR,
1446596,FANUF,Fanuc Ltd,
1581285,BCUCF,Brunello Cucinelli S.p.A./ADR,
1534043,FUPEF,Fuchs Petrolub SE/ADR,
1792045,THNPY,Technip Energies N.V.,8711
1156831,QBCRF,QUEBECOR MEDIA INC,4841
1403528,OAK-PB,"Brookfield Oaktree Holdings, LLC",6282
1156831,QBCAF,QUEBECOR MEDIA INC,4841
1447137,BKGFF,Berkeley Group Holdings plc,
794685,GAB-PG,GABELLI EQUITY TRUST INC,
1695519,ATGFF,AltaGas Ltd.,1311
1437774,BZZUF,BUZZI UNICEM S.p.A.,
1792627,TKAYF,Just Eat Takeaway.com N.V.,7389
1559444,FURCF,FORVIA SE/ADR,
1671750,DISPF,Disco Corporation/ADR,
1792045,THNPF,Technip Energies N.V.,8711
1792627,JTKWY,Just Eat Takeaway.com N.V.,7389
1437470,MYTHF,Mytilineos Holdings S.A.,
1829948,CIXXF,CI Financial Corp.,6282
908732,SPTJF,SINOPEC SHANGHAI PETROCHEMICAL CO LTD,2821
1592438,ROYMF,Royal Mail plc/ADR,
1455633,PEGRF,Pennon Group Plc / ADR,
99614,TY-P,TRI-CONTINENTAL Corp,
1012139,GNGYF,GUANGSHEN RAILWAY CO LTD,4011
92108,SOCGP,SOUTHERN CALIFORNIA GAS CO,4922
107815,WELPP,WISCONSIN ELECTRIC POWER CO,4911
1660734,TRTN-PA,Triton International Ltd,7359
1770561,CODQL,Coronado Global Resources Inc.,1220
1683252,TKCM,TOKEN COMMUNITIES LTD.,6552
1642365,ALTB,Alpine Auto Brokers Inc.,5990
1260729,GDV-PH,GABELLI DIVIDEND & INCOME TRUST,
794685,GAB-PH,GABELLI EQUITY TRUST INC,
1585389,STSFF,"SmartStop Self Storage REIT, Inc.",6798
1280784,HCXY,"Hercules Capital, Inc.",
1267395,AHL-PD,ASPEN INSURANCE HOLDINGS LTD,6331
1598655,GLOP-PB,GasLog Partners LP,4400
1598655,GLOP-PC,GasLog Partners LP,4400
1598655,GLOP-PA,GasLog Partners LP,4400
1482430,KBSR,"KBS Real Estate Investment Trust III, Inc.",6798
40417,GAM-PB,GENERAL AMERICAN INVESTORS CO INC,0000
1291733,GOLLQ,Gol Intelligent Airlines Inc.,4512
1888274,DEFTF,"Defi Technologies, Inc.",6199
1448978,SMBMF,SembCorp Marine Ltd.,
1386570,CDXC,ChromaDex Corp.,2833
1561032,HLTC,"National Healthcare Properties, Inc.",6798
1060349,GAMI,"GAMCO INVESTORS, INC. ET AL",6211
921671,GGT-PE,GABELLI MULTIMEDIA TRUST INC.,
1313510,GGN-PB,"GAMCO Global Gold, Natural Resources & Income Trust",
1604174,ECCX,Eagle Point Credit Co Inc.,
1214935,NCV-PA,Virtus Convertible & Income Fund,
1495222,OXLCO,Oxford Lane Capital Corp.,
885275,WBHC,WILSON BANK HOLDING CO,6021
1556898,THPTF,"Techpoint, Inc.",3674
1321741,GAINL,GLADSTONE INVESTMENT CORPORATIONDE,
1080720,GUT-PC,GABELLI UTILITY TRUST,
23426,CNTHP,CONNECTICUT LIGHT & POWER CO,4911
1271554,ERLFF,Entree Resources Ltd.,1040
1842644,SLVR,SILVERspac Inc.,6770
23426,CNLPL,CONNECTICUT LIGHT & POWER CO,4911
1227857,NCZ-PA,Virtus Convertible & Income Fund II,
23426,CNTHO,CONNECTICUT LIGHT & POWER CO,4911
1822309,CAS,Cascade Acquisition Corp,6770
23426,CNTHN,CONNECTICUT LIGHT & POWER CO,4911
1072725,GDRZF,GOLD RESERVE LTD,1040
23426,CNLHO,CONNECTICUT LIGHT & POWER CO,4911
1805087,CPSR,"GELESIS HOLDINGS, INC.",2834
23426,CNLHP,CONNECTICUT LIGHT & POWER CO,4911
23426,CNLTP,CONNECTICUT LIGHT & POWER CO,4911
1567924,MIESF,"Mitsui E&S Holdings Co., Ltd./ADR",
23426,CNLTL,CONNECTICUT LIGHT & POWER CO,4911
23426,CNPWM,CONNECTICUT LIGHT & POWER CO,4911
23426,CNPWP,CONNECTICUT LIGHT & POWER CO,4911
23426,CNLPM,CONNECTICUT LIGHT & POWER CO,4911
1641601,RVRF,River Financial Corp,6022
1468639,VICP,"Vicapsys Life Sciences, Inc.",2834
23426,CNLTN,CONNECTICUT LIGHT & POWER CO,4911
1467808,CORBF,Global Cord Blood Corp,8090
23426,CNLHN,CONNECTICUT LIGHT & POWER CO,4911
1557265,PIIVX,Private Shares Fund,
1347123,EBRCZ,"EBR Systems, Inc.",3841
761648,CDR-PB,"CEDAR REALTY TRUST, INC.",6798
761648,CDR-PC,"CEDAR REALTY TRUST, INC.",6798
1839998,AONC,"American Oncology Network, Inc.",8000
1915328,ISRL,Israel Acquisitions Corp,6770
793040,ECF-PA,ELLSWORTH GROWTH & INCOME FUND LTD,0000
9521,BCV-PA,BANCROFT FUND LTD,
1589150,RGBPP,Regen BioPharma Inc,2834
1282957,GLU-PB,GABELLI GLOBAL UTILITY & INCOME TRUST,
1586454,PMHG,Prime Meridian Holding Co,6022
1422142,AADI,"Aadi Bioscience, Inc.",2834
1861233,ILLMF,illumin Holdings Inc.,7374
1166272,GNTLF,GENETIC TECHNOLOGIES LTD,2836
1854078,RLFTF,Relief Therapeutics Holding SA,2834
1882839,WONDF,WonderFi Technologies Inc.,6770
1672886,ZHYBF,Zhong Yuan Bio-Technology Holdings Ltd,2833
1668340,BCTF,"Bancorp 34, Inc.",6035
1004530,MPVDF,Mountain Province Diamonds Inc.,1000
1007273,BKSC,BANK OF SOUTH CAROLINA CORP,6022
1681903,ICCH,"ICC Holdings, Inc.",6331
1845799,CULL,"Cullman Bancorp, Inc. /MD/",6036
832370,EAXR,"Ealixir, Inc.",7372
1101026,ZIVO,"Zivo Bioscience, Inc.",2836
1850398,TCBC,"TC Bancshares, Inc.",6035
202947,CPTP,CAPITAL PROPERTIES INC /RI/,6519
1830749,ACHL,Achilles Therapeutics plc,2836
1515114,GWIN,"GLORYWIN ENTERTAINMENT GROUP, INC.",5900
1501078,OFED,Oconee Federal Financial Corp.,6035
1807983,MDNAF,Medicenna Therapeutics Corp.,2834
1087456,UBOH,UNITED BANCSHARES INC/OH,6021
1393044,MTMV,Motomova Inc,3825
1787384,FFBW,"FFBW, Inc. /MD/",6035
1075706,CIZN,CITIZENS HOLDING CO /MS/,6022
1709505,BEST,BEST Inc.,4210
1855743,ARRKF,ARRAS MINERALS CORP.,1000
1389207,GFASY,Gafisa S.A.,1520
1847360,BCOW,"1895 Bancorp of Wisconsin, Inc. /MD/",6036
1302084,NSRCF,NextSource Materials Inc.,1040
1715433,LCHD,Leader Capital Holdings Corp.,7371
716006,YELLQ,Yellow Corp,4213
1498710,SAVEQ,"Spirit Aviation Holdings, Inc.",4512
1705259,SMTSF,Sierra Metals Inc.,1000
1754068,ALVR,"Kalaris Therapeutics, Inc.",2836
1445654,NZEOF,New Zealand Oil & Gas Ltd/ADR,
1854368,DGHI,Digi Power X Inc.,6199
943034,AATC,AUTOSCOPE TECHNOLOGIES CORP,3829
1496454,CHTH,"CNL Healthcare Properties, Inc.",6798
1734875,MSVB,"Mid-Southern Bancorp, Inc.",6035
1856028,SDIG,"Stronghold Digital Mining, Inc.",6199
1854078,RLFTY,Relief Therapeutics Holding SA,2834
1362898,AVLNF,Avalon Advanced Materials Inc.,1000
1463833,IDWM,"IDW MEDIA HOLDINGS, INC.",7310
1976923,YQAI,"YOUNEEQAI TECHNICAL SERVICES, INC.",7371
1823365,GBNY,"Generations Bancorp NY, Inc.",6035
1723059,BIOE,Bio Essence Corp,2834
1175483,DSHK,Drive Shack Inc.,5810
1598323,ACMB,AGRO CAPITAL MANAGEMENT CORP.,2833
1823000,CNXX,CONX Corp.,6510
1800373,GWLL,"GOLDENWELL BIOTECH, INC.",2000
1908984,ENDI,ENDI Corp.,6282
1444874,TETAA,"Teton Advisors, Inc.",6282
1076691,OSBK,OCONEE FINANCIAL CORP,6022
1365388,HSTI,"High Sierra Technologies, Inc.",6770
1891512,XTXXF,Adastra Holdings Ltd.,2834
1634394,RSCI,"Redwood Scientific Technologies, Inc.",2834
1726079,TMEF,"Lucent, Inc.",7389
1962911,INFT,Infinity Bancorp,6022
1733257,FNCH,"Finch Therapeutics Group, Inc.",2836
1568628,BQST,Bioquest Corp,2834
910679,WVFC,WVS FINANCIAL CORP,6036
822411,IMUC,"EOM Pharmaceutical Holdings, Inc.",2834
733337,PWCO,"PwrCor, Inc.",6153
1444874,TETAB,"Teton Advisors, Inc.",6282
1013706,WHLM,"Wilhelmina International, Inc.",8742
1158399,BRCNF,Burcon NutraScience Corp,2020
1837493,IINN,Inspira Technologies OXY B.H.N. Ltd,3841
827871,EGRX,"EAGLE PHARMACEUTICALS, INC.",2834
1050606,SALM,"SALEM MEDIA GROUP, INC. /DE/",4832
1781726,NPLS,NP Life Sciences Health Industry Group Inc.,8200
1470129,CATG,Capstone Technologies Group Inc.,6799
727346,GBCS,"SELECTIS HEALTH, INC.",6798
1919847,SFWJ,"Software Effective Solutions, Corp.",7371
1949766,ODDAF,Odd Burger Corp,2000
86115,SFES,SAFEGUARD SCIENTIFICS INC,6799
806517,PMDI,PSYCHEMEDICS CORP,8071
1840102,SPTY,"SPECIFICITY, INC.",7311
1896511,ZKGCF,ZKGC New Energy Ltd,3690
1645155,WBSR,Webstar Technology Group Inc.,7372
1620179,XELA,"Exela Technologies, Inc.",7389
319016,FZMD,"Fuse Medical, Inc.",5047
1376986,TVE,Tennessee Valley Authority,4911
1263011,EXNRF,EXCELLON RESOURCES INC,1040
1769725,ERKH,"Eureka Homestead Bancorp, Inc.",6035
1827855,MCLE,Medicale Corp.,8000
846546,BNSOF,BONSO ELECTRONICS INTERNATIONAL INC,3679
1854233,EGLXF,Enthusiast Gaming Holdings Inc. / Canada,0
1376986,TVC,Tennessee Valley Authority,0
1617765,LNDZF,EVOME MEDICAL TECHNOLOGIES INC.,0
1605057,VMNT,"Vemanti Group, Inc.",0
1882198,ATEK,Athena Technology Acquisition Corp. II,0
1415813,ARMC,Un Monde International Ltd.,0
1640251,WINSF,Wins Finance Holdings Inc.,0
1816554,EVTK,EVENTIKO INC.,0
1377167,FGCO,"Financial Gravity Companies, Inc.",0
1763925,CJAX,CoJax Oil & Gas Corp,0
1895251,SGTM,"Sustainable Green Team, Ltd.",0
1092570,FULO,FULLNET COMMUNICATIONS INC,0
1301713,SHVLF,STARCORE INTERNATIONAL MINES LTD.,0
1446371,SGIC,"Strategic Realty Trust, Inc.",0
1551206,HGLD,Patagonia Gold Corp.,0
1468978,SITS,"SOUTHERN ITS INTERNATIONAL, INC.",0
1777765,VQSSF,VIQ Solutions Inc.,0
891417,NMGX,Nano Magic Inc.,0
926844,FBDS,Fuss Brands Corp.,0
922521,FALC,FALCONSTOR SOFTWARE INC,0
1545224,SILEF,Silver Elephant Mining Corp.,0
1588014,ADMQ,"ADM ENDEAVORS, INC.",0
1723517,UCASU,UC Asset LP,0
1413754,MRZM,"MARIZYME, INC.",0
1397795,BRRN,"Byrn, Inc.",0
758743,VIDE,VIDEO DISPLAY CORP,0
1408146,SCYYF,SCANDIUM INTERNATIONAL MINING CORP.,0
924095,MVCO,"Metavesco, Inc.",0
1420108,GLUC,"Glucose Health, Inc.",0
1128252,SIPN,"SIPP International Industries, Inc.",0
1908054,JETR,Star Jets International Inc.,0
1868079,PMEDF,Predictmedix Inc.,0
1815849,ATIP,"ATI Physical Therapy, Inc.",0
1737270,NEXCF,Nextech3D.AI Corp.,0
724742,TPHS,Trinity Place Holdings Inc.,0
1654672,PNPL,"PINEAPPLE, INC.",0
1358099,UCIX,"Umbra Companies, Inc.",0
1313938,SNNC,"Sibannac, Inc.",0
1395445,PRPI,PERPETUAL INDUSTRIES INC.,0
1346346,CMOT,"Curtiss Motorcycle Company, Inc.",0
1815632,TGCB,"Tego Cyber, Inc.",0
1862068,RBTC,"Rubicon Technologies, Inc.",0
1281984,WDLF,"Decentral Life, Inc.",0
1410172,RBCN,"Rubicon Technology, Inc.",0
1771755,SWISF,Sekur Private Data Ltd.,0
1087329,RSHN,"RushNet, Inc.",0
1103090,RSCF,"REFLECT SCIENTIFIC, INC.",0
1779020,DNMR,"Danimer Scientific, Inc.",0
945828,AMTY,AMERITYRE CORP,0
1597892,JRSS,JRSIS HEALTH CARE Corp,0
1477009,CANN,TREES Corp (Colorado),0
1776048,AMMX,Ameramex International Inc,0
1458631,HALB,Halberd Corp,0
1475430,JSHG,JOSHUA GOLD RESOURCES INC,0
1786182,FHSEY,"First High-School Education Group Co., Ltd.",0
1104023,GEMZ,Gemxx Corp.,0
846377,TGNT,"Totaligent, Inc.",0
1575295,ALID,Allied Corp.,0
1304077,FMNJ,"Franklin Mining, Inc.",0
900475,SMKG,SmartCard Marketing Systems Inc,0
1556263,SYRS,"Syros Pharmaceuticals, Inc.",0
1041633,FTRS,Futuris Co,0
1586495,LTES,Leet Technology Inc.,0
1435064,CETXP,CEMTREX INC,0
1014052,DTGI,"Digerati Technologies, Inc.",0
1357671,CRTD,"Creatd, Inc.",0
1509957,CANB,Can B Corp,0
841533,SRMX,"SADDLE RANCH MEDIA, INC.",0
1127007,CAPV,CABO VERDE CAPITAL INC.,0
1162461,CUTR,CUTERA INC,0
1402371,ELRA,"ELRAY RESOURCES, INC.",0
1205181,GPFT,"Grapefruit USA, Inc",0
1094084,TKOI,TELKONET INC,0
1495584,SVVC,"Firsthand Technology Value Fund, Inc.",0
1096759,SNWR,Sanwire Corp,0
1584618,ACRL,"Atacama Resources International, Inc.",0
1435617,PWDY,"POWERDYNE INTERNATIONAL, INC.",0
1642178,AGNPF,Algernon Pharmaceuticals Inc.,0
1386049,BYOC,"Beyond Commerce, Inc.",0
1779303,DCSX,"Direct Communication Solutions, Inc.",0
1522860,AFIB,"Acutus Medical, Inc.",0
1953588,PAANF,Pan American Energy Corp. (Canada),0
1384365,RDAR,"RAADR, INC.",0
1580262,RTON,"Right On Brands, Inc.",0
1002771,IGPK,"Integrated Cannabis Solutions, Inc.",0
1000683,BDRL,BLONDER TONGUE LABORATORIES INC,0
786947,ACUR,"ACURA PHARMACEUTICALS, INC",0
1452011,TNBI,Tanke Biosciences Corp,0
1066130,FEMFF,Linear Minerals Corp,0
1514946,AXIM,"AXIM BIOTECHNOLOGIES, INC.",0
1934245,SPGC,"Sacks Parente Golf, Inc.",0
1000298,IMPM,IMPAC MORTGAGE HOLDINGS INC,0
1444403,CGAC,CODE GREEN APPAREL CORP,0
1101680,DZSI,DZS INC.,0
1510524,GYST,"GRAYSTONE COMPANY, INC.",0
1802546,KGKG,"KONA GOLD BEVERAGE, INC.",0
1528188,WNFT,Worldwide NFT Inc.,0
1407973,SONX,"Sonendo, Inc.",0
1613895,BMXC,"Bemax, Inc.",0
1756704,SIRC,SOLAR INTEGRATED ROOFING CORP.,0
933738,ENGC,ENGLOBAL CORP,0
1661039,TPTW,"TPT GLOBAL TECH, INC.",0
1973160,GMZP,GEMZ Corp. NV,0
1463208,TLSS,"Transportation & Logistics Systems, Inc.",0
1117228,MMMW,MASS MEGAWATTS WIND POWER INC,0
1162283,MGHL,MORGAN GROUP HOLDING CO,0
1653606,EHVVF,"Ehave, Inc.",0
1596856,LEJUY,Leju Holdings Ltd,0
752294,ELST,ELECTRONIC SYSTEMS TECHNOLOGY INC,0
1850079,TBIO,Telesis Bio Inc.,0
1498372,IWAL,iWallet Corp,0
1559998,VINOQ,"Gaucho Group Holdings, Inc.",0
1633273,TLIF,"TOCCA LIFE HOLDINGS, INC.",0
1451448,GMBL,"ESPORTS ENTERTAINMENT GROUP, INC.",0
1458023,FKST,"Flowerkist Skin Care & Cosmetics, Inc.",0
1098482,INNI,"Innovaro, Inc.",0
1946585,TKMO,"Tekumo, Inc.",0
946112,CDSG,"China Dongsheng International, Inc.",0
1435181,PHBI,Pharmagreen Biotech Inc.,0
1413488,CBGL,"CANNABIS GLOBAL, INC.",0
1343465,SNPW,Sun Pacific Holding Corp.,0
1983389,GYGC,Guyana Gold Corp,0
1512886,NTRR,NEUTRA CORP.,0
1431074,BRGO,"Bergio International, Inc.",0
1553264,APSI,AQUA POWER SYSTEMS INC.,0
1527383,BKGM,BankGuam Holding Co,0
1874138,SHGI,"Sparx Holdings Group, Inc.",0
1528172,ENDV,"ENDONOVO THERAPEUTICS, INC.",0
1317880,PLPL,"Plandai Biotechnology, Inc.",0
1652958,EDGM,"Edgemode, Inc.",0
1608092,KITL,Kisses From Italy Inc.,0
1610682,USDP,USD Partners LP,0
1486452,MASN,"Maison Luxe, Inc.",0
1791929,DPUI,"DISCOUNT PRINT USA, INC.",0
1861522,PIKM,KIDPIK CORP.,0
1863116,AERS,Aerius International Inc.,0
1472998,LCCN,LeapCharger Corp,0
1144169,ECOX,"ECO INNOVATION GROUP, INC.",0
1370496,MLLOF,Medallion Resources Ltd,0
1569340,CLCS,"Cell Source, Inc.",0
1715032,WTII,"Water Technologies International,Inc.",0
897078,KOAN,"Resonate Blends, Inc.",0
1927077,SNHO,SHONGHOYA INTERNATIONAL GROUP INC.,0
1795851,FAVO,"Favo Capital, Inc.",0
1837774,GIPL,Global Innovative Platforms Inc.,0
889353,JMTM,James Maritime Holdings Inc.,0
1575659,RTSL,"Rapid Therapeutic Science Laboratories, Inc.",0
1681556,GXXM,"GEX MANAGEMENT, INC.",0
1490873,ESSI,"ECO SCIENCE SOLUTIONS, INC.",0
1606698,ALPP,"ALPINE 4 HOLDINGS, INC.",0
1624985,XNDA,Tribal Rides International Corp.,0
1429393,TKLS,"Trutankless, Inc.",0
1823635,ECXJ,"CXJ GROUP CO., Ltd",0
1532595,SINC,Sincerity Applied Materials Holdings Corp.,0
1434740,RNGC,Ranger Gold Corp.,0
1487198,ASPU,"ASPEN GROUP, INC.",0
1765826,BZRD,"Blubuzzard, Inc.",0
1532390,WTER,ALKALINE WATER Co INC,0
1851860,SMFL,"SMART FOR LIFE, INC.",0
1603016,HMLPF,Hoegh LNG Partners LP,0
1862068,RBTCW,"Rubicon Technologies, Inc.",0
1821424,UKOMW,Ucommune International Ltd,0
1561032,NHPBP,"National Healthcare Properties, Inc.",0
1336364,GIGGF,Giga Metals Corp,0
1885680,RAJAF,"Cordyceps Sunshine Biotech Holdings Co., Ltd.",0
1853630,HMELF,Hold Me Ltd,0
1114446,AMUB,UBS AG,0
1114446,BDCX,UBS AG,0
1114446,BDCZ,UBS AG,0
1114446,CEFD,UBS AG,0
1114446,UCIB,UBS AG,0
1114446,USML,UBS AG,0
1114446,PFFL,UBS AG,0
1114446,QULL,UBS AG,0
1114446,SCDL,UBS AG,0
1114446,SMHB,UBS AG,0
1114446,MLPB,UBS AG,0
1114446,MLPR,UBS AG,0
1114446,MTUL,UBS AG,0
1114446,MVRL,UBS AG,0
1114446,HDLB,UBS AG,0
1114446,IFED,UBS AG,0
1114446,IWDL,UBS AG,0
1114446,IWFL,UBS AG,0
1114446,IWML,UBS AG,0
1544206,CGBDL,"Carlyle Secured Lending, Inc.",0
1848334,OKMN,"OKMIN RESOURCES, INC.",0
1143513,GLADZ,GLADSTONE CAPITAL CORP,0
931755,XXAAU,AEI INCOME & GROWTH FUND XXI LTD PARTNERSHIP,0
1321741,GAINN,GLADSTONE INVESTMENT CORPORATIONDE,0
1321741,GAINZ,GLADSTONE INVESTMENT CORPORATIONDE,0
1321741,GAINI,GLADSTONE INVESTMENT CORPORATIONDE,0
1487918,OFSSH,OFS Capital Corp,0
2025401,FERAU,Fifth Era Acquisition Corp I,0
1468492,HSCSW,HeartSciences Inc.,0
1492448,MAJI,GRN Holding Corp,0
1503290,ACP-PA,abrdn Income Credit Strategies Fund,0
1653384,RWAYL,Runway Growth Finance Corp.,0
1653384,RWAYZ,Runway Growth Finance Corp.,0
1903464,AIMAU,Aimfinity Investment Corp. I,0
1903464,AIMAW,Aimfinity Investment Corp. I,0
1903464,AIMBU,Aimfinity Investment Corp. I,0
1841330,KTTAW,Pasithea Therapeutics Corp.,0
1282957,GLU-PA,GABELLI GLOBAL UTILITY & INCOME TRUST,0
2047497,RAC-UN,Rithm Acquisition Corp.,0
1678130,OPP-PA,"RiverNorth/DoubleLine Strategic Opportunity Fund, Inc.",0
1678130,OPP-PB,"RiverNorth/DoubleLine Strategic Opportunity Fund, Inc.",0
1678130,OPP-PC,"RiverNorth/DoubleLine Strategic Opportunity Fund, Inc.",0
1680935,HHEGF,Huahui Education Group Ltd,0
1038143,ORANY,ORANGE,0
81023,PNMXO,PUBLIC SERVICE CO OF NEW MEXICO,0
1887673,WLDSW,Wearable Devices Ltd.,0
1817232,HGASW,Global Gas Corp,0
1870404,CEROW,"CERO THERAPEUTICS HOLDINGS, INC.",0
1096691,PTNRF,PARTNER COMMUNICATIONS CO LTD,0
1619312,LTSV,"Lightstone Value Plus REIT IV, Inc.",0
921671,GGT-PG,GABELLI MULTIMEDIA TRUST INC.,0
1836875,NVVEW,Nuvve Holding Corp.,0
1698538,STSR,"Strategic Student & Senior Housing Trust, Inc.",0
1716885,ASCIX,Angel Oak Strategic Credit Fund,0
1957783,MACT,"MachTen, Inc.",0
1175483,DSHKN,Drive Shack Inc.,0
1175483,DSHKO,Drive Shack Inc.,0
1175483,DSHKP,Drive Shack Inc.,0
1839608,GETRW,"Getaround, Inc",0
1964021,NCNWF,noco-noco Inc.,0
1887912,WLSS,Welsis Corp.,0
1825248,FRBP,Franklin BSP Capital Corp,0
1946563,SXTPW,"60 DEGREES PHARMACEUTICALS, INC.",0
17313,CSWCZ,CAPITAL SOUTHWEST CORP,0
1695519,ATGAF,AltaGas Ltd.,0
1695519,ATGPF,AltaGas Ltd.,0
1635077,ACONW,"Aclarion, Inc.",0
1941189,TANAF,Tian'an Technology Group Ltd,0
1845149,CBRGF,Chain Bridge I,0
1845149,CBRRF,Chain Bridge I,0
2003750,MGSD,"Maitong Sunshine Cultural Development Co., Ltd",0
1806524,LGHLW,Lion Group Holding Ltd,0
1737936,CNROX,City National Rochdale Strategic Credit Fund,0
1989788,GAFC,Guru App Factory Corp,0
1823000,CNXXW,CONX Corp.,0
1938338,GLTK,GlobalTech Corp,0
1852536,ITOR,"Intorio, Corp.",0
312070,ATMP,BARCLAYS BANK PLC,0
312070,BWVTF,BARCLAYS BANK PLC,0
312070,COWTF,BARCLAYS BANK PLC,0
312070,DJP,BARCLAYS BANK PLC,0
312070,GBUG,BARCLAYS BANK PLC,0
312070,VXX,BARCLAYS BANK PLC,0
312070,VXZ,BARCLAYS BANK PLC,0
312070,GRN,BARCLAYS BANK PLC,0
312070,JJCTF,BARCLAYS BANK PLC,0
312070,JJETF,BARCLAYS BANK PLC,0
312070,JJGTF,BARCLAYS BANK PLC,0
312070,PGMFF,BARCLAYS BANK PLC,0
1408057,ICCRW,iCoreConnect Inc.,0
1408057,ICNP,iCoreConnect Inc.,0
1880431,VHAIW,Vocodia Holdings Corp,0
1880431,VHABW,Vocodia Holdings Corp,0
896493,GPUS-PD,"Hyperscale Data, Inc.",0
1628040,RCIAX,Alternative Credit Income Fund,0
1830696,GLCP,GLOBAL LEADERS CORP,0
1608016,PSOIX,Palmer Square Opportunistic Income Fund,0
1998043,PDPA,Pearl Diver Credit Co Inc.,0
1935033,KMFG,KEEMO Fashion Group Ltd,0
1794846,ATCOL,Atlas Corp.,0
1794846,ATCO-PD,Atlas Corp.,0
1794846,ATCO-PH,Atlas Corp.,0
1649009,SYTAW,Siyata Mobile Inc.,0
1703079,XFLT-PA,XAI Octagon Floating Rate & Alternative Income Trust,0
1688554,PFFLX,PIMCO Flexible Credit Income Fund,0
1551047,TIPLX,Bluerock Total Income (plus) Real Estate Fund,0
2034334,AACBU,Artius II Acquisition Inc.,0
1501729,FSEN,FS Specialty Lending Fund,0
1786108,TRINI,Trinity Capital Inc.,0
1786108,TRINZ,Trinity Capital Inc.,0
1781629,ANKM,"Ankam, Inc.",0
1687898,VCRRX,Versus Capital Real Assets Fund LLC,0
1699880,AMLIF,American Lithium Corp.,0
13372,NSARO,NSTAR ELECTRIC CO,0
13372,NSARP,NSTAR ELECTRIC CO,0
1977837,ALXY,ALIXO-YOLLOO CORP.,0
1038572,CBDBY,BRAZILIAN DISTRIBUTION CO COMPANHIA BRASILEIRA DE DISTR CBD,0
1888846,UHGI,"Ultimate Holdings Group, Inc.",0
1604174,ECCC,Eagle Point Credit Co Inc.,0
1604174,ECC-PD,Eagle Point Credit Co Inc.,0
1604174,ECCV,Eagle Point Credit Co Inc.,0
1604174,ECCF,Eagle Point Credit Co Inc.,0
1604174,ECCU,Eagle Point Credit Co Inc.,0
1604174,ECCW,Eagle Point Credit Co Inc.,0
1495222,OXLCP,Oxford Lane Capital Corp.,0
1495222,OXLCZ,Oxford Lane Capital Corp.,0
1495222,OXLCG,Oxford Lane Capital Corp.,0
1495222,OXLCI,Oxford Lane Capital Corp.,0
1495222,OXLCL,Oxford Lane Capital Corp.,0
1495222,OXLCN,Oxford Lane Capital Corp.,0
1901297,ZRCN,ZRCN Inc.,0
1879270,TCRG,Cannaisseur Group Inc.,0
1585389,SSST,"SmartStop Self Storage REIT, Inc.",0
1710680,HFRO-PA,HIGHLAND OPPORTUNITIES & INCOME FUND,0
1710680,HFRO-PB,HIGHLAND OPPORTUNITIES & INCOME FUND,0
1658645,LENDX,Stone Ridge Trust V,0
1970129,LGSP,"LEGEND SPICES, INC.",0
1377936,SAJ,SARATOGA INVESTMENT CORP.,0
1377936,SAT,SARATOGA INVESTMENT CORP.,0
1377936,SAY,SARATOGA INVESTMENT CORP.,0
1377936,SAZ,SARATOGA INVESTMENT CORP.,0
1723701,PMFAX,PIMCO Flexible Municipal Income Fund,0
1883984,ACLEW,"Alternus Clean Energy, Inc.",0
1716951,OCCIN,"OFS Credit Company, Inc.",0
1716951,OCCIO,"OFS Credit Company, Inc.",0
1716951,OCCIM,"OFS Credit Company, Inc.",0
1633336,FCRX,"Crescent Capital BDC, Inc.",0
92108,SOCGM,SOUTHERN CALIFORNIA GAS CO,0
1610853,HSDTW,"HELIUS MEDICAL TECHNOLOGIES, INC.",0
1835972,AILEQ,"iLearningEngines, Inc.",0
1378701,GDL-PC,GDL FUND,0
1583771,CTRVP,"Hepion Pharmaceuticals, Inc.",0
1681717,VFLEX,FIRST TRUST ALTERNATIVE OPPORTUNITIES FUND,0
1940674,SMXWW,SMX (Security Matters) Public Ltd Co,0
1834048,ASAIY,Sendas Distributor S.A.,0
1924064,RLNDF,RoyaLand Co Ltd.,0
1357878,RGPX,"REGENEREX PHARMA, INC.",0
1750153,GOEWQ,Canoo Inc.,0
1616736,GGBY,Alpha Investment Inc.,0
1885408,JFBRW,Jeffs' Brands Ltd,0
1438893,GNT-PA,"GAMCO Natural Resources, Gold & Income Trust",0
1004724,RHEPA,"REGIONAL HEALTH PROPERTIES, INC",0
1004724,RHEPB,"REGIONAL HEALTH PROPERTIES, INC",0
911421,PREJF,PARTNERRE LTD,0
1727255,COBA,Chilean Cobalt Corp.,0
1349706,TOGIW,"TurnOnGreen, Inc.",0
769594,NPPXF,NIPPON TELEGRAPH & TELEPHONE CORP,0
1517767,CCIA,Carlyle Credit Income Fund,0
1619174,BHLD,BLOCKHOLD CAPITAL CORP,0
1949864,MGNC,Mag Magna Corp,0
1872066,MIBE,MIAMI BREEZE CAR CARE INC,0
1528930,TAX,"Franchise Group, Inc.",0
1627606,DTEAF,DAVIDsTEA Inc.,0
1534254,CICB,CION Investment Corp,0
1467631,XCAPX,ACAP Strategic Fund,0
1815849,ATIPW,"ATI Physical Therapy, Inc.",0
1621221,ATLEW,"ARTELO BIOSCIENCES, INC.",0
1260729,GDV-PK,GABELLI DIVIDEND & INCOME TRUST,0
49196,HBANL,HUNTINGTON BANCSHARES INC /MD/,0
49196,HBANM,HUNTINGTON BANCSHARES INC /MD/,0
1479247,CPER,United States Commodity Index Funds Trust,0
1831283,LIANY,LianBio,0
1087711,STNDF,Santander UK plc,0
1087711,SNTUF,Santander UK plc,0
1888740,LSEB,LSEB Creative Corp.,0
1751156,EIOAX,ELLINGTON INCOME OPPORTUNITIES FUND,0
1748680,OWSCX,1WS Credit Income Fund,0
1871890,GLEI,Galaxy Enterprises Inc. /WY/,0
897802,SPE-PC,"SPECIAL OPPORTUNITIES FUND, INC.",0
1995648,AFBL,AFB Ltd,0
1874474,ALLGF,Allego N.V.,0
1754836,EICA,Eagle Point Income Co Inc.,0
1754836,EICC,Eagle Point Income Co Inc.,0
1754836,EICB,Eagle Point Income Co Inc.,0
1779020,DNMRW,"Danimer Scientific, Inc.",0
1416090,IMIID,BLUSKY AI INC.,0
1758699,TRSO,TRANSUITE.ORG INC.,0
1973047,MRKY,MARKY CORP.,0
92103,SCE-PM,SOUTHERN CALIFORNIA EDISON Co,0
92103,SCE-PG,SOUTHERN CALIFORNIA EDISON Co,0
92103,SCE-PJ,SOUTHERN CALIFORNIA EDISON Co,0
92103,SCE-PK,SOUTHERN CALIFORNIA EDISON Co,0
92103,SCE-PL,SOUTHERN CALIFORNIA EDISON Co,0
92103,SCE-PN,SOUTHERN CALIFORNIA EDISON Co,0
1688897,FCREX,FS Credit Income Fund,0
1951051,JAGL,JAAG Enterprises Ltd.,0
1490078,FRSPF,First Phosphate Corp.,0
1663712,NRSAX,NEXPOINT REAL ESTATE STRATEGIES FUND,0
946486,WINTW,WINDTREE THERAPEUTICS INC /DE/,0
1882198,ATEKU,Athena Technology Acquisition Corp. II,0
1882198,ATEKW,Athena Technology Acquisition Corp. II,0
1575311,DTLAP,Brookfield DTLA Fund Office Trust Investor Inc.,0
1610940,BDRY,Amplify Commodity Trust,0
1610940,BWET,Amplify Commodity Trust,0
1762562,CPRDX,Clarion Partners Real Estate Income Fund Inc.,0
1101026,ZIVOW,"Zivo Bioscience, Inc.",0
1915328,ISRLW,Israel Acquisitions Corp,0
1678124,CADCX,CION Ares Diversified Credit Fund,0
1053092,GLDI,CREDIT SUISSE AG,0
1053092,SLVO,CREDIT SUISSE AG,0
1053092,USOI,CREDIT SUISSE AG,0
1970743,RMXI,"Reticulate Micro, Inc.",0
1449664,NWSZF,CTF Services Ltd,0
1506721,BLFBY,Balfour Beatty plc/ADR,0
1506721,BAFBF,Balfour Beatty plc/ADR,0
1705455,ZNKUF,"ZENKOKU HOSHO Co., Ltd./ADR",0
794685,GAB-PK,GABELLI EQUITY TRUST INC,0
1445654,NZEOY,New Zealand Oil & Gas Ltd/ADR,0
1484515,CJRCF,China Resources Cement Holdings Limited/ADR/,0
1706795,BYCBF,Barry Callebaut AG/ADR,0
1454480,SHZNF,Shenzhen Expressway Co. / ADR,0
1541309,CRSLF,carsales.com Limited/ADR,0
1451448,GMBLP,"ESPORTS ENTERTAINMENT GROUP, INC.",0
1451448,GMBLW,"ESPORTS ENTERTAINMENT GROUP, INC.",0
1451448,GMBLZ,"ESPORTS ENTERTAINMENT GROUP, INC.",0
1973368,SVUWF,SRIVARU Holding Ltd,0
1885849,TFLM,Tofla Megaline Inc.,0
1447100,YMHAY,"Yamaha Motor Co., Ltd.",0
1644903,YCBD-PA,"cbdMD, Inc.",0
1732078,FROPX,Flat Rock Opportunity Fund,0
1729678,XALCX,"BNY Mellon Alcentra Global Multi-Strategy Credit Fund, Inc.",0
1299939,CADE-PA,Cadence Bank,0
1490349,PFXNZ,PhenixFIN Corp,0
1442655,NGKSF,"NGK Spark Plug Co., Ltd.",0
1807765,PMVCW,PMV Consumer Acquisition Corp.,0
1807765,PMVCD,PMV Consumer Acquisition Corp.,0
1022899,PTIXW,"Protagenic Therapeutics, Inc.\new",0
1527469,ATHS,Athene Holding Ltd.,0
1527469,ATH-PB,Athene Holding Ltd.,0
1527469,ATH-PC,Athene Holding Ltd.,0
1527469,ATH-PD,Athene Holding Ltd.,0
1527469,ATH-PE,Athene Holding Ltd.,0
1446705,NTTDF,NTT Data Corp,0
1254699,QVCC,QVC INC,0
1893311,LUXHP,LUXURBAN HOTELS INC.,0
1620179,XELAP,"Exela Technologies, Inc.",0
1471824,CANE,Teucrium Commodity Trust,0
1471824,CORN,Teucrium Commodity Trust,0
1471824,SOYB,Teucrium Commodity Trust,0
1471824,TAGS,Teucrium Commodity Trust,0
1471824,WEAT,Teucrium Commodity Trust,0
1467845,KUSA,"Kashin, Inc.",0
2047455,QSEAU,Quartzsea Acquisition Corp,0
861967,WOLTF,WOLTERS KLUWER N V /FI,0
1947158,SRKKS,Public Shrek Royalties LLC,0
1582581,VJTTY,voxeljet AG,0
1994373,HNIT,Huineng Technology Corp,0
1554625,PRIF-PD,"Priority Income Fund, Inc.",0
1554625,PRIF-PF,"Priority Income Fund, Inc.",0
1554625,PRIF-PH,"Priority Income Fund, Inc.",0
1554625,PRIF-PI,"Priority Income Fund, Inc.",0
1554625,PRIF-PJ,"Priority Income Fund, Inc.",0
1554625,PRIF-PK,"Priority Income Fund, Inc.",0
1554625,PRIF-PL,"Priority Income Fund, Inc.",0
1091748,ARGD,"Argo Group International Holdings, Inc.",0
1091748,ARGO-PA,"Argo Group International Holdings, Inc.",0
1380365,IDKOF,"IDEMITSU KOSAN CO., LTD",0
1389207,GFSAY,Gafisa S.A.,0
1569650,OZKAP,Bank OZK,0
920822,OUTFF,OUTOKUMPU OY /FI,0
1574676,NGHI,"Galenfeha, Inc.",0
1788841,MCOMW,micromobility.com Inc.,0
1648087,AREBW,AMERICAN REBEL HOLDINGS INC,0
1496099,NMFCZ,New Mountain Finance Corp,0
1691936,SNAXW,"STRYVE FOODS, INC.",0
1338474,RDWQS,RIDGEWOOD ENERGY Q FUND LLC,0
1554818,AUUDW,AUDDIA INC.,0
1837671,CPPTL,Copper Property CTL Pass Through Trust,0
1333172,NMPGY,Navios Maritime Holdings Inc.,0
1333172,NMPRY,Navios Maritime Holdings Inc.,0
1907425,JOCM,JOCOM HOLDINGS CORP.,0
1839998,AONCW,"American Oncology Network, Inc.",0
1415311,AGQ,ProShares Trust II,0
1415311,BOIL,ProShares Trust II,0
1415311,EUO,ProShares Trust II,0
1415311,GLL,ProShares Trust II,0
1415311,KOLD,ProShares Trust II,0
1415311,YCS,ProShares Trust II,0
1415311,ZSL,ProShares Trust II,0
1415311,UGL,ProShares Trust II,0
1415311,ULE,ProShares Trust II,0
1415311,UVXY,ProShares Trust II,0
1415311,VIXM,ProShares Trust II,0
1415311,VIXY,ProShares Trust II,0
1415311,YCL,ProShares Trust II,0
1415311,SCO,ProShares Trust II,0
1415311,SVXY,ProShares Trust II,0
1415311,UCO,ProShares Trust II,0
1722837,CEDAX,BlueBay Destra International Event-Driven Credit Fund,0
1852633,PNSTW,"Pinstripes Holdings, Inc.",0
1552198,WHFCL,"WhiteHorse Finance, Inc.",0
1793497,SVIX,VS Trust,0
1793497,UVIX,VS Trust,0
1267395,AHL-PE,ASPEN INSURANCE HOLDINGS LTD,0
1267395,AHL-PF,ASPEN INSURANCE HOLDINGS LTD,0
1030475,CHNEY,CHINA EASTERN AIRLINES CORP LTD,0
1662972,BSTT,"Blackstone Real Estate Income Trust, Inc.",0
1824204,PVOZ,Park View OZ REIT Inc,0
1846702,FIGP,"Forge Group, Inc.",0
1852039,FILG,Grayscale Filecoin Trust (FIL),0
1917993,GSTK,Growth Stalk Holdings Corp,0
1419554,BBLGW,Bone Biologics Corp,0
2028516,ATIIU,Archimedes Tech SPAC Partners II Co.,0
1278752,MFICL,MidCap Financial Investment Corp,0
2048951,LOKVU,Live Oak Acquisition Corp. V,0
1606268,VIASP,"Via Renewables, Inc.",0
68622,CTDD,QWEST CORP,0
1099234,FSBN,"FrankSpeech Network, Inc.",0
1660734,TRTN-PB,Triton International Ltd,0
1660734,TRTN-PC,Triton International Ltd,0
1660734,TRTN-PD,Triton International Ltd,0
1660734,TRTN-PE,Triton International Ltd,0
1660734,TRTN-PF,Triton International Ltd,0
1259429,OXSQG,Oxford Square Capital Corp.,0
1259429,OXSQZ,Oxford Square Capital Corp.,0
1509470,SSSSL,SURO CAPITAL CORP.,0
107815,WELPM,WISCONSIN ELECTRIC POWER CO,0
1588272,NXPT,"NexPoint Capital, Inc.",0
1909770,KHOB,KHEOBA CORP.,0
1767057,OBTC,Osprey Bitcoin Trust,0
1976663,NXNT,"Nexscient, Inc.",0
1951378,QLUNF,Qilun Group Inc.,0
1736510,NICHX,Variant Alternative Income Fund,0
1963088,ATCHW,"AtlasClear Holdings, Inc.",0
1560385,LLYVA,Liberty Media Corp,0
2024459,CHARR,Charlton Aria Acquisition Corp,0
2024459,CHARU,Charlton Aria Acquisition Corp,0
1560385,LLYVB,Liberty Media Corp,0
1560385,LLYVK,Liberty Media Corp,0
1874074,MMVXF,MultiMetaVerse Holdings Ltd,0
1753712,LARAX,Lord Abbett Credit Opportunities Fund,0
1939937,LMMY,LAMY,0
1287032,PSEC-PA,PROSPECT CAPITAL CORP,0
1496254,LTAFX,Alternative Strategies Income Fund,0
1496254,LTCFX,Alternative Strategies Income Fund,0
1076262,FCUL,Golden Star Enterprises Ltd.,0
2033593,SVCCU,Stellar V Capital Corp. (Cayman Islands),0
1854183,ORIB,Orion Bliss Corp.,0
823277,CHSCL,CHS INC,0
823277,CHSCM,CHS INC,0
823277,CHSCN,CHS INC,0
823277,CHSCO,CHS INC,0
1810560,REVBW,"REVELATION BIOSCIENCES, INC.",0
1357671,CRTDW,"Creatd, Inc.",0
1487428,HTFB,Horizon Technology Finance Corp,0
1487428,HTFC,Horizon Technology Finance Corp,0
1765651,PSPX,Pacific Sports Exchange Inc.,0
1894693,SVREW,SaverOne 2014 Ltd.,0
1931055,MDNC,Medinotec Inc.,0
1756404,PDSKX,Principal Real Asset Fund,0
1581005,SRRIX,Stone Ridge Trust II,0
1872812,TCBPW,TC BioPharm (Holdings) plc,0
1735964,CCLFX,Cliffwater Corporate Lending Fund,0
1729637,KARX,Karbon-X Corp.,0
1560143,WYTC,WYTEC INTERNATIONAL INC,0
1785592,LFLYW,"Leafly Holdings, Inc. /DE",0
1501072,RIV-PA,"RIVERNORTH OPPORTUNITIES FUND, INC.",0
1854526,BRQL,"brooqLy, Inc.",0
1854816,MINR,Minerva Gold Inc.,0
1930147,SPMA,"Sound Point Meridian Capital, Inc.",0
1823593,TSPH,TuSimple Holdings Inc.,0
1910975,RPDL,Rapid Line Inc.,0
2000762,GMTH,GMTech Inc.,0
1690536,FSREM,"FS Credit Real Estate Income Trust, Inc.",0
1690536,FSREI,"FS Credit Real Estate Income Trust, Inc.",0
1990145,NUVWQ,Holdco Nuvo Group D.G Ltd.,0
1023458,XAEIU,AEI INCOME & GROWTH FUND XXII LTD PARTNERSHIP,0
1550453,TRLC,TriLinc Global Impact Fund LLC,0
1550453,TRIC,TriLinc Global Impact Fund LLC,0
1722556,BGFR,BestGofer Inc.,0
1941360,NELR,Neolara Corp.,0
1675033,GECCI,Great Elm Capital Corp.,0
1675033,GECCH,Great Elm Capital Corp.,0
1675033,GECCO,Great Elm Capital Corp.,0
1675033,GECCZ,Great Elm Capital Corp.,0
1308106,SEAL-PA,Seapeak LLC,0
1308106,SEAL-PB,Seapeak LLC,0
1345865,NFTM,Buildablock Corp.,0
1039828,ANG-PB,American National Group Inc.,0
1039828,ANG-PD,American National Group Inc.,0
1452804,RMHI,"Retrieve Medical Holdings, Inc.",0
1848672,GDLG,Glidelogic Corp.,0
1690012,ICRP,"InPoint Commercial Real Estate Income, Inc.",0
1515001,VCMIX,Versus Capital Real Estate Fund LLC,0
2042187,KYFGF,Kyoto Financial Group Inc/ADR,0
2028201,COLAU,Columbus Acquisition Corp/Cayman Islands,0
2028201,COLAR,Columbus Acquisition Corp/Cayman Islands,0
1468608,VODAF,Vodacom Group Ltd / ADR,0
1969766,SEPSF,Asep Medical Holdings Inc.,0
1538118,YKLTF,"Yakult Honsha Co., LTD/ADR",0
1956237,ALMP,Almco Plumbing Inc,0
1904616,BAKR,Baker Global Asset Management Inc.,0
1567526,IHICF,IHI Corporation/ADR,0
793742,HACBF,HACHIJUNI BANK LTD,0
1106861,CSDX,CS DIAGNOSTICS CORP.,0
1947861,NMHIW,Nature's Miracle Holding Inc.,0
58411,RONN,"Lee Pharmaceuticals, Inc.",0
1178660,CSSID,Standard Dental Labs Inc.,0
1440130,UUGWF,United Utilities Group plc,0
1984345,VTBAS,"Vestible Assets, LLC",0
1534043,FUPPF,Fuchs Petrolub SE/ADR,0
2032779,EHLDV,Euroholdings Ltd.,0
1437153,CUYTF,Colruyt SA,0
1472033,JTGLF,"Citibank,N.A./ADR",0
1839586,DMXCF,District Metals Corp.,0
1762400,LVCE,"LiveCare, Inc.",0
1555812,CPXTF,Siam Makro Public Co Limited/ADR,0
